PIPEVALVE 00000126;0
PIPEVALVE 00000127;0
PIPEVALVE 00000128;0
PIPEVALVE 00000129;0
PIPEVALVE 00000130;0
PIPEVALVE 00000131;0
PIPEVALVE 00000132;0
PIPEVALVE 00000133;0
PIPEVALVE 00000134;0
PIPEVALVE 00000135;0
PIPEVALVE 00000136;0
PIPEVALVE 00000137;0
PIPEVALVE 00000138;0
PIPEVALVE 00000139;0
PIPEVALVE 00000140;0
PIPEVALVE 00000141;0
PIPEVALVE 00000376;0
PIPEVALVE 00000377;0
PIPEVALVE 00000378;0
PIPEVALVE 00000379;0
PIPEVALVE 00000380;0
PIPEVALVE 00000381;0
PIPEVALVE 00000382;0
PIPEVALVE 00000383;0
PIPEVALVE 00000384;0
PIPEVALVE 00000385;0
PIPEVALVE 00000386;0
PIPEVALVE 00000387;0
PIPEVALVE 00000388;0
PIPEVALVE 00000389;0
PIPEVALVE 00000390;0
PIPEVALVE 00000391;0
PIPEVALVE 00000392;0
PIPEVALVE 00000393;0
PIPEVALVE 00000394;0
PIPEVALVE 00000395;0
PIPEVALVE 00000396;0
PIPEVALVE 00000397;0
PIPEVALVE 00000398;0
PIPEVALVE 00000399;0
PIPEVALVE 00000400;0
PIPEVALVE 00000401;0
PIPEVALVE 00000402;0
PIPEVALVE 00000403;0
PIPEVALVE 00000406;0
PIPEVALVE 00000407;0
PIPEVALVE 00000408;0
PIPEVALVE 00000409;0
PIPEVALVE 00000410;0
PIPEVALVE 00000411;0
PIPEVALVE 00000412;0
PIPEVALVE 00000413;0
PIPEVALVE 00000414;0
PIPEVALVE 00000415;0
PIPEVALVE 00000416;0
PIPEVALVE 00000417;0
PIPEVALVE 00000418;0
PIPEVALVE 00000419;0
PIPEVALVE 00000420;0
PIPEVALVE 00000421;0
PIPEVALVE 00000422;0
PIPEVALVE 00000423;0
PIPEVALVE 00000424;0
PIPEVALVE 00000425;0
PIPEVALVE 00000426;0
PIPEVALVE 00000427;0
PIPEVALVE 00000428;0
PIPEVALVE 00000429;0
PIPEVALVE 00000430;0
PIPEVALVE 00000431;0
PIPEVALVE 00000432;0
PIPEVALVE 00000433;0
PIPEVALVE 00000434;0
PIPEVALVE 00000435;0
PIPEVALVE 00000436;0
PIPEVALVE 00000437;0
PIPEVALVE 00000438;0
PIPEVALVE 00000439;0
PIPEVALVE 00000440;0
PIPEVALVE 00000441;0
PIPEVALVE 00000442;0
PIPEVALVE 00000443;0
PIPEVALVE 00000444;0
PIPEVALVE 00000445;0
PIPEVALVE 00000446;0
PIPEVALVE 00000447;0
PIPEVALVE 00000448;0
PIPEVALVE 00000449;0
PIPEVALVE 00000450;0
PIPEVALVE 00000451;0
PIPEVALVE 00000452;0
PIPEVALVE 00000453;0
PIPEVALVE 00000454;0
PIPEVALVE 00000455;0
PIPEVALVE 00000456;0
PIPEVALVE 00000457;0
PIPEVALVE 00000460;0
PIPEVALVE 00000461;0
PIPEVALVE 00000462;0
PIPEVALVE 00000463;0
PIPEVALVE 00000464;0
PIPEVALVE 00000465;0
PIPEVALVE 00000466;0
PIPEVALVE 00000467;0
PIPEVALVE 00000468;0
PIPEVALVE 00000469;0
PIPEVALVE 00000474;0
PIPEVALVE 00000475;0
PIPEVALVE 00000476;0
PIPEVALVE 00000477;0
PIPEVALVE 00000478;0
PIPEVALVE 00000479;0
PIPEVALVE 00000480;0
PIPEVALVE 00000481;0
PIPEVALVE 00000482;0
PIPEVALVE 00000483;0
PIPEVALVE 00000484;0
PIPEVALVE 00000485;0
PIPEVALVE 00000486;0
PIPEVALVE 00000487;0
PIPEVALVE 00000488;0
PIPEVALVE 00000489;0
PIPEVALVE 00000490;0
PIPEVALVE 00000491;0
PIPEVALVE 00000492;0
PIPEVALVE 00000493;0
PIPEVALVE 00000494;0
PIPEVALVE 00000495;0
PIPEVALVE 00000496;0
PIPEVALVE 00000497;0
PIPEVALVE 00000498;0
PIPEVALVE 00000499;0
PIPEVALVE 00000500;0
PIPEVALVE 00000501;0
PIPEVALVE 00000502;0
PIPEVALVE 00000503;0
PIPEVALVE 00000504;0
PIPEVALVE 00000505;0
PIPEVALVE 00000506;0
PIPEVALVE 00000507;0
PIPEVALVE 00000508;0
PIPEVALVE 00000509;0
PIPEVALVE 00000510;0
PIPEVALVE 00000511;0
PIPEVALVE 00000512;0
PIPEVALVE 00000513;0
PIPEVALVE 00000514;0
PIPEVALVE 00000515;0
PIPEVALVE 00000516;0
PIPEVALVE 00000517;0
PIPEVALVE 00000518;0
PIPEVALVE 00000519;0
PIPEVALVE 00000522;0
PIPEVALVE 00000523;0
PIPEVALVE 00000524;0
PIPEVALVE 00000525;0
PIPEVALVE 00000526;0
PIPEVALVE 00000527;0
PIPEVALVE 00000528;0
PIPEVALVE 00000529;0
PIPEVALVE 00000530;0
PIPEVALVE 00000531;0
PIPEVALVE 00000532;0
PIPEVALVE 00000533;0
PIPEVALVE 00000534;0
PIPEVALVE 00000535;0
PIPEVALVE 00000536;0
PIPEVALVE 00000537;0
PIPEVALVE 00000538;0
PIPEVALVE 00000539;0
PIPEVALVE 00000540;0
PIPEVALVE 00000541;0
PIPEVALVE 00000542;0
PIPEVALVE 00000543;0
PIPEVALVE 00000544;0
PIPEVALVE 00000545;0
PIPEVALVE 00000546;0
PIPEVALVE 00000547;0
PIPEVALVE 00000548;0
PIPEVALVE 00000549;0
PIPEVALVE 00000550;0
PIPEVALVE 00000551;0
PIPEVALVE 00000552;0
PIPEVALVE 00000553;0
PIPEVALVE 00000554;0
PIPEVALVE 00000555;0
PIPEVALVE 00000556;0
PIPEVALVE 00000557;0
PIPEVALVE 00000558;0
PIPEVALVE 00000559;0
PIPEVALVE 00000560;0
PIPEVALVE 00000561;0
PIPEVALVE 00000562;0
PIPEVALVE 00000563;0
PIPEVALVE 00000564;0
PIPEVALVE 00000565;0
PIPEVALVE 00000566;0
PIPEVALVE 00000567;0
PIPEVALVE 00000568;0
PIPEVALVE 00000569;0
PIPEVALVE 00000570;0
PIPEVALVE 00000571;0
PIPEVALVE 00000572;0
PIPEVALVE 00000573;0
PIPEVALVE 00000574;0
PIPEVALVE 00000575;0
PIPEVALVE 00000576;0
PIPEVALVE 00000577;0
PIPEVALVE 00000611;0
PIPEVALVE 00000612;0
PIPEVALVE 00000613;0
PIPEVALVE 00000614;0
PIPEVALVE 00000615;0
PIPEVALVE 00000616;0
PIPEVALVE 00000617;0
PIPEVALVE 00000618;0
PIPEVALVE 00000619;0
PIPEVALVE 00000620;0
PIPEVALVE 00000621;0
PIPEVALVE 00000622;0
PIPEVALVE 00000625;0
PIPEVALVE 00000626;0
PIPEVALVE 00000627;0
PIPEVALVE 00000628;0
PIPEVALVE 00000629;0
PIPEVALVE 00000630;0
PIPEVALVE 00000631;0
PIPEVALVE 00000632;0
PIPEVALVE 00000766;0
PIPEVALVE 00000767;0
PIPEVALVE 00000854;0
PIPEVALVE 00000855;0
PIPEVALVE 00000856;0
PIPEVALVE 00000858;0
PIPEVALVE 00000859;0
PIPEVALVE 00000892;0
PIPEVALVE 00000893;0
PIPEVALVE 00000894;0
PIPEVALVE 00000895;0
PIPEVALVE 00000896;0
PIPEVALVE 00000897;0
PIPEVALVE 00000922;0
PIPEVALVE 00000924;0
PIPEVALVE 00000925;0
PIPEVALVE 00000926;0
PIPEVALVE 00000927;0
PIPEVALVE 00000928;0
PIPEVALVE 00000929;0
PIPEVALVE 00000932;0
PIPEVALVE 00000933;0
PIPEVALVE 00000934;0
PIPEVALVE 00000935;0
PIPEVALVE 00000938;0
PIPEVALVE 00000952;0
PIPEVALVE 00000953;0
PIPEVALVE 00000954;0
PIPEVALVE 00000955;0
PIPEVALVE 00000956;0
PIPEVALVE 00000957;0
PIPEVALVE 00000962;0
PIPEVALVE 00000963;0
PIPEVALVE 00000964;0
PIPEVALVE 00000965;0
PIPEVALVE 00000966;0
PIPEVALVE 00000967;0
PIPEVALVE 00000968;0
PIPEVALVE 00000969;0
PIPEVALVE 00000970;0
PIPEVALVE 00000971;0
PIPEVALVE 00000972;0
PIPEVALVE 00000973;0
PIPEVALVE 00000974;0
PIPEVALVE 00000975;0
PIPEVALVE 00000976;0
PIPEVALVE 00000977;0
PIPEVALVE 00000978;0
PIPEVALVE 00000979;0
PIPEVALVE 00000980;0
PIPEVALVE 00000981;0
PIPEVALVE 00000982;0
PIPEVALVE 00000983;0
PIPEVALVE 00000984;0
PIPEVALVE 00000985;0
PIPEVALVE 00000986;0
PIPEVALVE 00000987;0
PIPEVALVE 00000989;0
PIPEVALVE 00000990;0
PIPEVALVE 00000991;0
PIPEVALVE 00000992;0
PIPEVALVE 00000993;0
PIPEVALVE 00000994;0
PIPEVALVE 00000995;0
PIPEVALVE 00000996;0
PIPEVALVE 00000997;0
PIPEVALVE 00000998;0
PIPEVALVE 00000999;0
PIPEVALVE 00001000;0
PIPEVALVE 00001001;0
PIPEVALVE 00001002;0
PIPEVALVE 00001003;0
PIPEVALVE 00001004;0
PIPEVALVE 00001005;0
PIPEVALVE 00001006;0
PIPEVALVE 00001007;0
PIPEVALVE 00001008;0
PIPEVALVE 00001009;0
PIPEVALVE 00001010;0
PIPEVALVE 00001017;0
PIPEVALVE 00001018;0
PIPEVALVE 00001019;0
PIPEVALVE 00001020;0
PIPEVALVE 00001021;0
PIPEVALVE 00001022;0
PIPEVALVE 00001023;0
PIPEVALVE 00001024;0
PIPEVALVE 00001025;0
PIPEVALVE 00001026;0
PIPEVALVE 00001027;0
PIPEVALVE 00001028;0
PIPEVALVE 00001029;0
PIPEVALVE 00001030;0
PIPEVALVE 00001031;0
PIPEVALVE 00001032;0
PIPEVALVE 00001033;0
PIPEVALVE 00001034;0
PIPEVALVE 00001035;0
PIPEVALVE 00001036;0
PIPEVALVE 00001037;0
PIPEVALVE 00001038;0
PIPEVALVE 00001039;0
PIPEVALVE 00001040;0
PIPEVALVE 00001041;0
PIPEVALVE 00001042;0
PIPEVALVE 00001043;0
PIPEVALVE 00001044;0
PIPEVALVE 00001045;0
PIPEVALVE 00001046;0
PIPEVALVE 00001047;0
PIPEVALVE 00001048;0
PIPEVALVE 00001049;0
PIPEVALVE 00001050;0
PIPEVALVE 00001051;0
PIPEVALVE 00001052;0
PIPEVALVE 00001053;0
PIPEVALVE 00001054;0
PIPEVALVE 00001055;0
PIPEVALVE 00001056;0
PIPEVALVE 00001057;0
PIPEVALVE 00001058;0
PIPEVALVE 00001059;0
PIPEVALVE 00001060;0
PIPEVALVE 00001061;0
PIPEVALVE 00001062;0
PIPEVALVE 00001063;0
PIPEVALVE 00001064;0
PIPEVALVE 00001065;0
PIPEVALVE 00001066;0
PIPEVALVE 00001067;0
PIPEVALVE 00001068;0
PIPEVALVE 00001069;0
PIPEVALVE 00001070;0
PIPEVALVE 00001071;0
PIPEVALVE 00001072;0
PIPEVALVE 00001073;0
PIPEVALVE 00001074;0
PIPEVALVE 00001075;0
PIPEVALVE 00001076;0
PIPEVALVE 00001077;0
PIPEVALVE 00001078;0
PIPEVALVE 00001079;0
PIPEVALVE 00001080;0
PIPEVALVE 00001081;0
PIPEVALVE 00001082;0
PIPEVALVE 00001083;0
PIPEVALVE 00001084;0
PIPEVALVE 00001085;0
PIPEVALVE 00001086;0
PIPEVALVE 00001087;0
PIPEVALVE 00001088;0
PIPEVALVE 00001091;0
PIPEVALVE 00001092;0
PIPEVALVE 00001093;0
PIPEVALVE 00001094;0
PIPEVALVE 00001095;0
PIPEVALVE 00001096;0
PIPEVALVE 00001097;0
PIPEVALVE 00001098;0
PIPEVALVE 00001099;0
PIPEVALVE 00001100;0
PIPEVALVE 00001101;0
PIPEVALVE 00001102;0
PIPEVALVE 00001103;0
PIPEVALVE 00001104;0
PIPEVALVE 00001105;0
PIPEVALVE 00001106;0
PIPEVALVE 00001109;0
PIPEVALVE 00001110;0
PIPEVALVE 00001111;0
PIPEVALVE 00001112;0
PIPEVALVE 00001113;0
PIPEVALVE 00001114;0
PIPEVALVE 00001117;0
PIPEVALVE 00001118;0
PIPEVALVE 00001119;0
PIPEVALVE 00001120;0
PIPEVALVE 00001121;0
PIPEVALVE 00001122;0
PIPEVALVE 00001123;0
PIPEVALVE 00001124;0
PIPEVALVE 00001125;0
PIPEVALVE 00001126;0
PIPEVALVE 00001127;0
PIPEVALVE 00001128;0
PIPEVALVE 00001129;0
PIPEVALVE 00001130;0
PIPEVALVE 00001131;0
PIPEVALVE 00001132;0
PIPEVALVE 00001133;0
PIPEVALVE 00001134;0
PIPEVALVE 00001135;0
PIPEVALVE 00001136;0
PIPEVALVE 00001137;0
PIPEVALVE 00001138;0
PIPEVALVE 00001139;0
PIPEVALVE 00001140;0
PIPEVALVE 00001141;0
PIPEVALVE 00001142;0
PIPEVALVE 00001143;0
PIPEVALVE 00001144;0
PIPEVALVE 00001145;0
PIPEVALVE 00001146;0
PIPEVALVE 00001147;0
PIPEVALVE 00001148;0
PIPEVALVE 00001149;0
PIPEVALVE 00001150;0
PIPEVALVE 00001151;0
PIPEVALVE 00001152;0
PIPEVALVE 00001153;0
PIPEVALVE 00001154;0
PIPEVALVE 00001155;0
PIPEVALVE 00001156;0
PIPEVALVE 00001157;0
PIPEVALVE 00001158;0
PIPEVALVE 00001159;0
PIPEVALVE 00001160;0
PIPEVALVE 00001161;0
PIPEVALVE 00001162;0
PIPEVALVE 00001163;0
PIPEVALVE 00001164;0
PIPEVALVE 00001165;0
PIPEVALVE 00001166;0
PIPEVALVE 00001167;0
PIPEVALVE 00001168;0
PIPEVALVE 00001169;0
PIPEVALVE 00001170;0
PIPEVALVE 00001171;0
PIPEVALVE 00001172;0
PIPEVALVE 00001173;0
PIPEVALVE 00001174;0
PIPEVALVE 00001175;0
PIPEVALVE 00001176;0
PIPEVALVE 00001177;0
PIPEVALVE 00001178;0
PIPEVALVE 00001179;0
PIPEVALVE 00001180;0
PIPEVALVE 00001185;0
PIPEVALVE 00001186;0
PIPEVALVE 00001187;0
PIPEVALVE 00001188;0
PIPEVALVE 00001189;0
PIPEVALVE 00001190;0
PIPEVALVE 00001191;0
PIPEVALVE 00001192;0
PIPEVALVE 00001193;0
PIPEVALVE 00001194;0
PIPEVALVE 00001195;0
PIPEVALVE 00001196;0
PIPEVALVE 00001197;0
PIPEVALVE 00001198;0
PIPEVALVE 00001201;0
PIPEVALVE 00001202;0
PIPEVALVE 00001203;0
PIPEVALVE 00001204;0
PIPEVALVE 00001205;0
PIPEVALVE 00001206;0
PIPEVALVE 00001207;0
PIPEVALVE 00001208;0
PIPEVALVE 00001209;0
PIPEVALVE 00001210;0
PIPEVALVE 00001211;0
PIPEVALVE 00001212;0
PIPEVALVE 00001213;0
PIPEVALVE 00001214;0
PIPEVALVE 00001215;0
PIPEVALVE 00001216;0
PIPEVALVE 00001217;0
PIPEVALVE 00001218;0
PIPEVALVE 00001219;0
PIPEVALVE 00001220;0
PIPEVALVE 00001221;0
PIPEVALVE 00001222;0
PIPEVALVE 00001223;0
PIPEVALVE 00001224;0
PIPEVALVE 00001225;0
PIPEVALVE 00001226;0
PIPEVALVE 00001227;0
PIPEVALVE 00001228;0
PIPEVALVE 00001229;0
PIPEVALVE 00001230;0
PIPEVALVE 00001231;0
PIPEVALVE 00001232;0
PIPEVALVE 00001233;0
PIPEVALVE 00001234;0
PIPEVALVE 00001235;0
PIPEVALVE 00001236;0
PIPEVALVE 00001237;0
PIPEVALVE 00001238;0
PIPEVALVE 00001239;0
PIPEVALVE 00001240;0
PIPEVALVE 00001241;0
PIPEVALVE 00001242;0
PIPEVALVE 00001243;0
PIPEVALVE 00001244;0
PIPEVALVE 00001245;0
PIPEVALVE 00001246;0
PIPEVALVE 00001247;0
PIPEVALVE 00001248;0
PIPEVALVE 00001249;0
PIPEVALVE 00001250;0
PIPEVALVE 00001251;0
PIPEVALVE 00001252;0
PIPEVALVE 00001255;0
PIPEVALVE 00001256;0
PIPEVALVE 00001257;0
PIPEVALVE 00001258;0
PIPEVALVE 00001259;0
PIPEVALVE 00001260;0
PIPEVALVE 00001261;0
PIPEVALVE 00001262;0
PIPEVALVE 00001263;0
PIPEVALVE 00001264;0
PIPEVALVE 00001265;0
PIPEVALVE 00001266;0
PIPEVALVE 00001267;0
PIPEVALVE 00001268;0
PIPEVALVE 00001269;0
PIPEVALVE 00001270;0
PIPEVALVE 00001271;0
PIPEVALVE 00001272;0
PIPEVALVE 00001273;0
PIPEVALVE 00001274;0
PIPEVALVE 00001275;0
PIPEVALVE 00001276;0
PIPEVALVE 00001277;0
PIPEVALVE 00001278;0
PIPEVALVE 00001279;0
PIPEVALVE 00001280;0
PIPEVALVE 00001281;0
PIPEVALVE 00001282;0
PIPEVALVE 00001283;0
PIPEVALVE 00001284;0
PIPEVALVE 00001285;0
PIPEVALVE 00001286;0
PIPEVALVE 00001287;0
PIPEVALVE 00001288;0
PIPEVALVE 00001289;0
PIPEVALVE 00001290;0
PIPEVALVE 00001291;0
PIPEVALVE 00001292;0
PIPEVALVE 00001293;0
PIPEVALVE 00001294;0
PIPEVALVE 00001295;0
PIPEVALVE 00001296;0
PIPEVALVE 00001297;0
PIPEVALVE 00001298;0
PIPEVALVE 00001299;0
PIPEVALVE 00001300;0
PIPEVALVE 00001301;0
PIPEVALVE 00001302;0
PIPEVALVE 00001303;0
PIPEVALVE 00001304;0
PIPEVALVE 00001305;0
PIPEVALVE 00001306;0
PIPEVALVE 00001307;0
PIPEVALVE 00001308;0
PIPEVALVE 00001309;0
PIPEVALVE 00001310;0
PIPEVALVE 00001311;0
PIPEVALVE 00001312;0
PIPEVALVE 00001313;0
PIPEVALVE 00001314;0
PIPEVALVE 00001315;0
PIPEVALVE 00001316;0
PIPEVALVE 00001317;0
PIPEVALVE 00001318;0
PIPEVALVE 00001319;0
PIPEVALVE 00001320;0
PIPEVALVE 00001321;0
PIPEVALVE 00001322;0
PIPEVALVE 00001323;0
PIPEVALVE 00001324;0
PIPEVALVE 00001325;0
PIPEVALVE 00001326;0
PIPEVALVE 00001327;0
PIPEVALVE 00001328;0
PIPEVALVE 00001329;0
PIPEVALVE 00001330;0
PIPEVALVE 00001331;0
PIPEVALVE 00001332;0
PIPEVALVE 00001333;0
PIPEVALVE 00001334;0
PIPEVALVE 00001335;0
PIPEVALVE 00001336;0
PIPEVALVE 00001337;0
PIPEVALVE 00001338;0
PIPEVALVE 00001339;0
PIPEVALVE 00001340;0
PIPEVALVE 00001341;0
PIPEVALVE 00001342;0
PIPEVALVE 00001343;0
PIPEVALVE 00001344;0
PIPEVALVE 00001345;0
PIPEVALVE 00001346;0
PIPEVALVE 00001347;0
PIPEVALVE 00001348;0
PIPEVALVE 00001349;0
PIPEVALVE 00001350;0
PIPEVALVE 00001351;0
PIPEVALVE 00001352;0
PIPEVALVE 00001353;0
PIPEVALVE 00001359;0
PIPEVALVE 00001360;0
PIPEVALVE 00001361;0
PIPEVALVE 00001362;0
PIPEVALVE 00001363;0
PIPEVALVE 00001364;0
PIPEVALVE 00001365;0
PIPEVALVE 00001366;0
PIPEVALVE 00001367;0
PIPEVALVE 00001368;0
PIPEVALVE 00001369;0
PIPEVALVE 00001370;0
PIPEVALVE 00001371;0
PIPEVALVE 00001372;0
PIPEVALVE 00001373;0
PIPEVALVE 00001374;0
PIPEVALVE 00001375;0
PIPEVALVE 00001376;0
PIPEVALVE 00001377;0
PIPEVALVE 00001378;0
PIPEVALVE 00001379;0
PIPEVALVE 00001380;0
PIPEVALVE 00001381;0
PIPEVALVE 00001382;0
PIPEVALVE 00001388;0
PIPEVALVE 00001391;0
PIPEVALVE 00001392;0
PIPEVALVE 00001397;0
PIPEVALVE 00001398;0
PIPEVALVE 00001399;0
PIPEVALVE 00001400;0
PIPEVALVE 00001401;0
PIPEVALVE 00001402;0
PIPEVALVE 00001403;0
PIPEVALVE 00001404;0
PIPEVALVE 00001405;0
PIPEVALVE 00001406;0
PIPEVALVE 00001407;0
PIPEVALVE 00001408;0
PIPEVALVE 00001409;0
PIPEVALVE 00001410;0
PIPEVALVE 00001411;0
PIPEVALVE 00001412;0
PIPEVALVE 00001413;0
PIPEVALVE 00001414;0
PIPEVALVE 00001415;0
PIPEVALVE 00001416;0
PIPEVALVE 00001417;0
PIPEVALVE 00001418;0
PIPEVALVE 00001419;0
PIPEVALVE 00001420;0
PIPEVALVE 00001421;0
PIPEVALVE 00001422;0
PIPEVALVE 00001423;0
PIPEVALVE 00001424;0
PIPEVALVE 00001425;0
PIPEVALVE 00001426;0
PIPEVALVE 00001427;0
PIPEVALVE 00001428;0
PIPEVALVE 00001429;0
PIPEVALVE 00001430;0
PIPEVALVE 00001431;0
PIPEVALVE 00001432;0
PIPEVALVE 00001433;0
PIPEVALVE 00001434;0
PIPEVALVE 00001435;0
PIPEVALVE 00001436;0
PIPEVALVE 00001437;0
PIPEVALVE 00001438;0
PIPEVALVE 00001439;0
PIPEVALVE 00001440;0
PIPEVALVE 00001441;0
PIPEVALVE 00001442;0
PIPEVALVE 00001443;0
PIPEVALVE 00001444;0
PIPEVALVE 00001445;0
PIPEVALVE 00001446;0
PIPEVALVE 00001447;0
PIPEVALVE 00001448;0
PIPEVALVE 00001449;0
PIPEVALVE 00001450;0
PIPEVALVE 00001451;0
PIPEVALVE 00001452;0
PIPEVALVE 00001453;0
PIPEVALVE 00001454;0
PIPEVALVE 00001455;0
PIPEVALVE 00001456;0
PIPEVALVE 00001457;0
PIPEVALVE 00001459;0
PIPEVALVE 00001460;0
PIPEVALVE 00001461;0
PIPEVALVE 00001462;0
PIPEVALVE 00001463;0
PIPEVALVE 00001464;0
PIPEVALVE 00001465;0
PIPEVALVE 00001467;0
PIPEVALVE 00001468;0
PIPEVALVE 00001479;0
PIPEVALVE 00001480;0
PIPEVALVE 00001481;0
PIPEVALVE 00001482;0
PIPEVALVE 00001483;0
PIPEVALVE 00001484;0
PIPEVALVE 00001485;0
PIPEVALVE 00001486;0
PIPEVALVE 00001490;0
PIPEVALVE 00001491;0
PIPEVALVE 00001492;0
PIPEVALVE 00001493;0
PIPEVALVE 00001494;0
PIPEVALVE 00001495;0
PIPEVALVE 00001496;0
PIPEVALVE 00001497;0
PIPEVALVE 00001498;0
PIPEVALVE 00001499;0
PIPEVALVE 00001500;0
PIPEVALVE 00001501;0
PIPEVALVE 00001502;0
PIPEVALVE 00001503;0
PIPEVALVE 00001504;0
PIPEVALVE 00001505;0
PIPEVALVE 00001506;0
PIPEVALVE 00001507;0
PIPEVALVE 00001508;0
PIPEVALVE 00001511;0
PIPEVALVE 00001512;0
PIPEVALVE 00001513;0
PIPEVALVE 00001514;0
PIPEVALVE 00001519;0
PIPEVALVE 00001520;0
PIPEVALVE 00001523;0
PIPEVALVE 00001524;0
PIPEVALVE 00001529;0
PIPEVALVE 00001530;0
PIPEVALVE 00001531;0
PIPEVALVE 00001532;0
PIPEVALVE 00001533;0
PIPEVALVE 00001534;0
PIPEVALVE 00001535;0
PIPEVALVE 00001536;0
PIPEVALVE 00001537;0
PIPEVALVE 00001538;0
PIPEVALVE 00001539;0
PIPEVALVE 00001540;0
PIPEVALVE 00001541;0
PIPEVALVE 00001542;0
PIPEVALVE 00001543;0
PIPEVALVE 00001544;0
PIPEVALVE 00001547;0
PIPEVALVE 00001548;0
PIPEVALVE 00001549;0
PIPEVALVE 00001550;0
PIPEVALVE 00001551;0
PIPEVALVE 00001552;0
PIPEVALVE 00001553;0
PIPEVALVE 00001554;0
PIPEVALVE 00001555;0
PIPEVALVE 00001556;0
PIPEVALVE 00001557;0
PIPEVALVE 00001558;0
PIPEVALVE 00001559;0
PIPEVALVE 00001560;0
PIPEVALVE 00001561;0
PIPEVALVE 00001562;0
PIPEVALVE 00001595;0
PIPEVALVE 00001596;0
PIPEVALVE 00001597;0
PIPEVALVE 00001598;0
PIPEVALVE 00001959;0
PIPEVALVE 00001960;0
PIPEVALVE 00001961;0
PIPEVALVE 00001962;0
PIPEVALVE 00001969;0
PIPEVALVE 00001970;0
PIPEVALVE 00001973;0
PIPEVALVE 00001974;0
PIPEVALVE 00001975;0
PIPEVALVE 00001976;0
PIPEVALVE 00001977;0
PIPEVALVE 00001978;0
PIPEVALVE 00001981;0
PIPEVALVE 00001982;0
PIPEVALVE 00001983;0
PIPEVALVE 00001984;0
PIPEVALVE 00001987;0
PIPEVALVE 00001988;0
PIPEVALVE 00001989;0
PIPEVALVE 00001990;0
PIPEVALVE 00001991;0
PIPEVALVE 00001992;0
PIPEVALVE 00001993;0
PIPEVALVE 00001994;0
PIPEVALVE 00001995;0
PIPEVALVE 00001996;0
PIPEVALVE 00001997;0
PIPEVALVE 00001998;0
PIPEVALVE 00001999;0
PIPEVALVE 00002000;0
PIPEVALVE 00002001;0
PIPEVALVE 00002002;0
PIPEVALVE 00002003;0
PIPEVALVE 00002004;0
PIPEVALVE 00002005;0
PIPEVALVE 00002006;0
PIPEVALVE 00002007;0
PIPEVALVE 00002008;0
PIPEVALVE 00002009;0
PIPEVALVE 00002010;0
PIPEVALVE 00002011;0
PIPEVALVE 00002012;0
PIPEVALVE 00002016;0
PIPEVALVE 00002018;0
PIPEVALVE 00002019;0
PIPEVALVE 00002276;0
PIPEVALVE 00002277;0
PIPEVALVE 00002278;0
PIPEVALVE 00002279;0
PIPEVALVE 00002280;0
PIPEVALVE 00002281;0
PIPEVALVE 00002282;0
PIPEVALVE 00002283;0
PIPEVALVE 00002284;0
PIPEVALVE 00002285;0
PIPEVALVE 00002300;0
PIPEVALVE 00002301;0
PIPEVALVE 00002302;0
PIPEVALVE 00002303;0
PIPEVALVE 00002304;0
PIPEVALVE 00002305;0
PIPEVALVE 00002306;0
PIPEVALVE 00002307;0
PIPEVALVE 00002310;0
PIPEVALVE 00002311;0
PIPEVALVE 00002313;0
PIPEVALVE 00002317;0
PIPEVALVE 00002320;0
PIPEVALVE 00002321;0
PIPEVALVE 00002322;0
PIPEVALVE 00002323;0
PIPEVALVE 00002324;0
PIPEVALVE 00002325;0
PIPEVALVE 00002326;0
PIPEVALVE 00002327;0
PIPEVALVE 00002328;0
PIPEVALVE 00002329;0
PIPEVALVE 00002330;0
PIPEVALVE 00002331;0
PIPEVALVE 00002332;0
PIPEVALVE 00002333;0
PIPEVALVE 00002346;0
PIPEVALVE 00002347;0
PIPEVALVE 00002348;0
PIPEVALVE 00002349;0
PIPEVALVE 00002350;0
PIPEVALVE 00002351;0
PIPEVALVE 00002354;0
PIPEVALVE 00002355;0
PIPEVALVE 00002360;0
PIPEVALVE 00002361;0
PIPEVALVE 00002362;0
PIPEVALVE 00002363;0
PIPEVALVE 00002364;0
PIPEVALVE 00002365;0
PIPEVALVE 00002368;0
PIPEVALVE 00002370;0
PIPEVALVE 00002371;0
PIPEVALVE 00002372;0
PIPEVALVE 00002373;0
PIPEVALVE 00002388;0
PIPEVALVE 00002389;0
PIPEVALVE 00002415;0
PIPEVALVE 00002416;0
PIPEVALVE 00002417;0
PIPEVALVE 00002418;0
PIPEVALVE 00002427;0
PIPEVALVE 00002431;0
PIPEVALVE 00002432;0
PIPEVALVE 00002433;0
PIPEVALVE 00002434;0
PIPEVALVE 00002435;0
PIPEVALVE 00002436;0
PIPEVALVE 00002442;0
PIPEVALVE 00002448;0
PIPEVALVE 00002449;0
PIPEVALVE 00002450;0
PIPEVALVE 00002451;0
PIPEVALVE 00002452;0
PIPEVALVE 00002453;0
PIPEVALVE 00002454;0
PIPEVALVE 00002455;0
PIPEVALVE 00002456;0
PIPEVALVE 00002457;0
PIPEVALVE 00002458;0
PIPEVALVE 00002459;0
PIPEVALVE 00002460;0
PIPEVALVE 00002461;0
PIPEVALVE 00002462;0
PIPEVALVE 00002463;0
PIPEVALVE 00002464;0
PIPEVALVE 00002465;0
PIPEVALVE 00002466;0
PIPEVALVE 00002467;0
PIPEVALVE 00002474;0
PIPEVALVE 00002475;0
PIPEVALVE 00002621;0
PIPEVALVE 00002622;0
PIPEVALVE 00002623;0
PIPEVALVE 00002624;0
PIPEVALVE 00002625;0
PIPEVALVE 00002626;0
PIPEVALVE 00002627;0
PIPEVALVE 00002628;0
PIPEVALVE 00002637;0
PIPEVALVE 00002638;0
PIPEVALVE 00002960;0
PIPEVALVE 00002961;0
PIPEVALVE 00002962;0
PIPEVALVE 00002963;0
PIPEVALVE 00002964;0
PIPEVALVE 00002965;0
PIPEVALVE 00002966;0
PIPEVALVE 00002967;0
PIPEVALVE 00002968;0
PIPEVALVE 00002969;0
PIPEVALVE 00002970;0
PIPEVALVE 00002971;0
PIPEVALVE 00002972;0
PIPEVALVE 00002973;0
PIPEVALVE 00002974;0
PIPEVALVE 00002975;0
PIPEVALVE 00003210;0
PIPEVALVE 00003211;0
PIPEVALVE 00003212;0
PIPEVALVE 00003213;0
PIPEVALVE 00003214;0
PIPEVALVE 00003215;0
PIPEVALVE 00003216;0
PIPEVALVE 00003217;0
PIPEVALVE 00003218;0
PIPEVALVE 00003219;0
PIPEVALVE 00003220;0
PIPEVALVE 00003221;0
PIPEVALVE 00003222;0
PIPEVALVE 00003223;0
PIPEVALVE 00003224;0
PIPEVALVE 00003225;0
PIPEVALVE 00003226;0
PIPEVALVE 00003227;0
PIPEVALVE 00003228;0
PIPEVALVE 00003229;0
PIPEVALVE 00003230;0
PIPEVALVE 00003231;0
PIPEVALVE 00003232;0
PIPEVALVE 00003233;0
PIPEVALVE 00003234;0
PIPEVALVE 00003235;0
PIPEVALVE 00003236;0
PIPEVALVE 00003237;0
PIPEVALVE 00003240;0
PIPEVALVE 00003241;0
PIPEVALVE 00003242;0
PIPEVALVE 00003243;0
PIPEVALVE 00003244;0
PIPEVALVE 00003245;0
PIPEVALVE 00003246;0
PIPEVALVE 00003247;0
PIPEVALVE 00003248;0
PIPEVALVE 00003249;0
PIPEVALVE 00003250;0
PIPEVALVE 00003251;0
PIPEVALVE 00003252;0
PIPEVALVE 00003253;0
PIPEVALVE 00003254;0
PIPEVALVE 00003255;0
PIPEVALVE 00003256;0
PIPEVALVE 00003257;0
PIPEVALVE 00003258;0
PIPEVALVE 00003259;0
PIPEVALVE 00003260;0
PIPEVALVE 00003261;0
PIPEVALVE 00003262;0
PIPEVALVE 00003263;0
PIPEVALVE 00003264;0
PIPEVALVE 00003265;0
PIPEVALVE 00003266;0
PIPEVALVE 00003267;0
PIPEVALVE 00003268;0
PIPEVALVE 00003269;0
PIPEVALVE 00003270;0
PIPEVALVE 00003271;0
PIPEVALVE 00003272;0
PIPEVALVE 00003273;0
PIPEVALVE 00003274;0
PIPEVALVE 00003275;0
PIPEVALVE 00003276;0
PIPEVALVE 00003277;0
PIPEVALVE 00003278;0
PIPEVALVE 00003279;0
PIPEVALVE 00003280;0
PIPEVALVE 00003281;0
PIPEVALVE 00003282;0
PIPEVALVE 00003283;0
PIPEVALVE 00003284;0
PIPEVALVE 00003285;0
PIPEVALVE 00003286;0
PIPEVALVE 00003287;0
PIPEVALVE 00003288;0
PIPEVALVE 00003289;0
PIPEVALVE 00003290;0
PIPEVALVE 00003291;0
PIPEVALVE 00003294;0
PIPEVALVE 00003295;0
PIPEVALVE 00003296;0
PIPEVALVE 00003298;0
PIPEVALVE 00003299;0
PIPEVALVE 00003300;0
PIPEVALVE 00003301;0
PIPEVALVE 00003302;0
PIPEVALVE 00003303;0
PIPEVALVE 00003308;0
PIPEVALVE 00003309;0
PIPEVALVE 00003310;0
PIPEVALVE 00003311;0
PIPEVALVE 00003312;0
PIPEVALVE 00003313;0
PIPEVALVE 00003314;0
PIPEVALVE 00003315;0
PIPEVALVE 00003316;0
PIPEVALVE 00003317;0
PIPEVALVE 00003318;0
PIPEVALVE 00003319;0
PIPEVALVE 00003320;0
PIPEVALVE 00003321;0
PIPEVALVE 00003322;0
PIPEVALVE 00003323;0
PIPEVALVE 00003324;0
PIPEVALVE 00003325;0
PIPEVALVE 00003326;0
PIPEVALVE 00003327;0
PIPEVALVE 00003328;0
PIPEVALVE 00003329;0
PIPEVALVE 00003330;0
PIPEVALVE 00003331;0
PIPEVALVE 00003332;0
PIPEVALVE 00003333;0
PIPEVALVE 00003334;0
PIPEVALVE 00003335;0
PIPEVALVE 00003336;0
PIPEVALVE 00003337;0
PIPEVALVE 00003338;0
PIPEVALVE 00003339;0
PIPEVALVE 00003340;0
PIPEVALVE 00003341;0
PIPEVALVE 00003342;0
PIPEVALVE 00003343;0
PIPEVALVE 00003344;0
PIPEVALVE 00003345;0
PIPEVALVE 00003346;0
PIPEVALVE 00003347;0
PIPEVALVE 00003348;0
PIPEVALVE 00003349;0
PIPEVALVE 00003350;0
PIPEVALVE 00003351;0
PIPEVALVE 00003352;0
PIPEVALVE 00003353;0
PIPEVALVE 00003356;0
PIPEVALVE 00003357;0
PIPEVALVE 00003358;0
PIPEVALVE 00003359;0
PIPEVALVE 00003360;0
PIPEVALVE 00003361;0
PIPEVALVE 00003362;0
PIPEVALVE 00003363;0
PIPEVALVE 00003364;0
PIPEVALVE 00003365;0
PIPEVALVE 00003366;0
PIPEVALVE 00003367;0
PIPEVALVE 00003368;0
PIPEVALVE 00003369;0
PIPEVALVE 00003370;0
PIPEVALVE 00003371;0
PIPEVALVE 00003372;0
PIPEVALVE 00003373;0
PIPEVALVE 00003374;0
PIPEVALVE 00003375;0
PIPEVALVE 00003376;0
PIPEVALVE 00003377;0
PIPEVALVE 00003378;0
PIPEVALVE 00003379;0
PIPEVALVE 00003380;0
PIPEVALVE 00003381;0
PIPEVALVE 00003382;0
PIPEVALVE 00003383;0
PIPEVALVE 00003384;0
PIPEVALVE 00003385;0
PIPEVALVE 00003386;0
PIPEVALVE 00003387;0
PIPEVALVE 00003388;0
PIPEVALVE 00003389;0
PIPEVALVE 00003390;0
PIPEVALVE 00003391;0
PIPEVALVE 00003392;0
PIPEVALVE 00003393;0
PIPEVALVE 00003394;0
PIPEVALVE 00003395;0
PIPEVALVE 00003396;0
PIPEVALVE 00003397;0
PIPEVALVE 00003398;0
PIPEVALVE 00003399;0
PIPEVALVE 00003400;0
PIPEVALVE 00003401;0
PIPEVALVE 00003402;0
PIPEVALVE 00003403;0
PIPEVALVE 00003404;0
PIPEVALVE 00003405;0
PIPEVALVE 00003406;0
PIPEVALVE 00003407;0
PIPEVALVE 00003408;0
PIPEVALVE 00003409;0
PIPEVALVE 00003445;0
PIPEVALVE 00003446;0
PIPEVALVE 00003447;0
PIPEVALVE 00003448;0
PIPEVALVE 00003449;0
PIPEVALVE 00003450;0
PIPEVALVE 00003451;0
PIPEVALVE 00003452;0
PIPEVALVE 00003453;0
PIPEVALVE 00003454;0
PIPEVALVE 00003455;0
PIPEVALVE 00003456;0
PIPEVALVE 00003459;0
PIPEVALVE 00003460;0
PIPEVALVE 00003461;0
PIPEVALVE 00003462;0
PIPEVALVE 00003463;0
PIPEVALVE 00003464;0
PIPEVALVE 00003465;0
PIPEVALVE 00003466;0
PIPEVALVE 00003600;0
PIPEVALVE 00003601;0
PIPEVALVE 00003688;0
PIPEVALVE 00003689;0
PIPEVALVE 00003690;0
PIPEVALVE 00003692;0
PIPEVALVE 00003693;0
PIPEVALVE 00003726;0
PIPEVALVE 00003727;0
PIPEVALVE 00003728;0
PIPEVALVE 00003729;0
PIPEVALVE 00003730;0
PIPEVALVE 00003731;0
PIPEVALVE 00003756;0
PIPEVALVE 00003758;0
PIPEVALVE 00003759;0
PIPEVALVE 00003760;0
PIPEVALVE 00003761;0
PIPEVALVE 00003762;0
PIPEVALVE 00003763;0
PIPEVALVE 00003766;0
PIPEVALVE 00003767;0
PIPEVALVE 00003768;0
PIPEVALVE 00003769;0
PIPEVALVE 00003772;0
PIPEVALVE 00003788;0
PIPEVALVE 00003789;0
PIPEVALVE 00003790;0
PIPEVALVE 00003791;0
PIPEVALVE 00003796;0
PIPEVALVE 00003797;0
PIPEVALVE 00003798;0
PIPEVALVE 00003799;0
PIPEVALVE 00003800;0
PIPEVALVE 00003801;0
PIPEVALVE 00003802;0
PIPEVALVE 00003803;0
PIPEVALVE 00003804;0
PIPEVALVE 00003805;0
PIPEVALVE 00003806;0
PIPEVALVE 00003807;0
PIPEVALVE 00003808;0
PIPEVALVE 00003809;0
PIPEVALVE 00003810;0
PIPEVALVE 00003811;0
PIPEVALVE 00003812;0
PIPEVALVE 00003813;0
PIPEVALVE 00003814;0
PIPEVALVE 00003815;0
PIPEVALVE 00003816;0
PIPEVALVE 00003817;0
PIPEVALVE 00003818;0
PIPEVALVE 00003819;0
PIPEVALVE 00003820;0
PIPEVALVE 00003821;0
PIPEVALVE 00003823;0
PIPEVALVE 00003824;0
PIPEVALVE 00003825;0
PIPEVALVE 00003826;0
PIPEVALVE 00003827;0
PIPEVALVE 00003828;0
PIPEVALVE 00003829;0
PIPEVALVE 00003830;0
PIPEVALVE 00003831;0
PIPEVALVE 00003832;0
PIPEVALVE 00003833;0
PIPEVALVE 00003834;0
PIPEVALVE 00003835;0
PIPEVALVE 00003836;0
PIPEVALVE 00003837;0
PIPEVALVE 00003838;0
PIPEVALVE 00003839;0
PIPEVALVE 00003840;0
PIPEVALVE 00003841;0
PIPEVALVE 00003842;0
PIPEVALVE 00003843;0
PIPEVALVE 00003844;0
PIPEVALVE 00003851;0
PIPEVALVE 00003852;0
PIPEVALVE 00003853;0
PIPEVALVE 00003854;0
PIPEVALVE 00003855;0
PIPEVALVE 00003856;0
PIPEVALVE 00003857;0
PIPEVALVE 00003858;0
PIPEVALVE 00003859;0
PIPEVALVE 00003860;0
PIPEVALVE 00003861;0
PIPEVALVE 00003862;0
PIPEVALVE 00003863;0
PIPEVALVE 00003864;0
PIPEVALVE 00003865;0
PIPEVALVE 00003866;0
PIPEVALVE 00003867;0
PIPEVALVE 00003868;0
PIPEVALVE 00003869;0
PIPEVALVE 00003870;0
PIPEVALVE 00003871;0
PIPEVALVE 00003872;0
PIPEVALVE 00003873;0
PIPEVALVE 00003874;0
PIPEVALVE 00003875;0
PIPEVALVE 00003876;0
PIPEVALVE 00003877;0
PIPEVALVE 00003878;0
PIPEVALVE 00003879;0
PIPEVALVE 00003880;0
PIPEVALVE 00003881;0
PIPEVALVE 00003882;0
PIPEVALVE 00003883;0
PIPEVALVE 00003884;0
PIPEVALVE 00003885;0
PIPEVALVE 00003886;0
PIPEVALVE 00003887;0
PIPEVALVE 00003888;0
PIPEVALVE 00003889;0
PIPEVALVE 00003890;0
PIPEVALVE 00003891;0
PIPEVALVE 00003892;0
PIPEVALVE 00003893;0
PIPEVALVE 00003894;0
PIPEVALVE 00003897;0
PIPEVALVE 00003898;0
PIPEVALVE 00003899;0
PIPEVALVE 00003900;0
PIPEVALVE 00003901;0
PIPEVALVE 00003902;0
PIPEVALVE 00003903;0
PIPEVALVE 00003904;0
PIPEVALVE 00003905;0
PIPEVALVE 00003906;0
PIPEVALVE 00003907;0
PIPEVALVE 00003908;0
PIPEVALVE 00003909;0
PIPEVALVE 00003910;0
PIPEVALVE 00003911;0
PIPEVALVE 00003912;0
PIPEVALVE 00003913;0
PIPEVALVE 00003914;0
PIPEVALVE 00003915;0
PIPEVALVE 00003916;0
PIPEVALVE 00003917;0
PIPEVALVE 00003918;0
PIPEVALVE 00003919;0
PIPEVALVE 00003920;0
PIPEVALVE 00003921;0
PIPEVALVE 00003922;0
PIPEVALVE 00003925;0
PIPEVALVE 00003926;0
PIPEVALVE 00003927;0
PIPEVALVE 00003928;0
PIPEVALVE 00003929;0
PIPEVALVE 00003930;0
PIPEVALVE 00003931;0
PIPEVALVE 00003932;0
PIPEVALVE 00003933;0
PIPEVALVE 00003934;0
PIPEVALVE 00003935;0
PIPEVALVE 00003936;0
PIPEVALVE 00003937;0
PIPEVALVE 00003938;0
PIPEVALVE 00003939;0
PIPEVALVE 00003940;0
PIPEVALVE 00003943;0
PIPEVALVE 00003944;0
PIPEVALVE 00003945;0
PIPEVALVE 00003946;0
PIPEVALVE 00003947;0
PIPEVALVE 00003948;0
PIPEVALVE 00003951;0
PIPEVALVE 00003952;0
PIPEVALVE 00003953;0
PIPEVALVE 00003954;0
PIPEVALVE 00003955;0
PIPEVALVE 00003956;0
PIPEVALVE 00003957;0
PIPEVALVE 00003958;0
PIPEVALVE 00003959;0
PIPEVALVE 00003960;0
PIPEVALVE 00003961;0
PIPEVALVE 00003962;0
PIPEVALVE 00003963;0
PIPEVALVE 00003964;0
PIPEVALVE 00003965;0
PIPEVALVE 00003966;0
PIPEVALVE 00003967;0
PIPEVALVE 00003968;0
PIPEVALVE 00003969;0
PIPEVALVE 00003970;0
PIPEVALVE 00003971;0
PIPEVALVE 00003972;0
PIPEVALVE 00003973;0
PIPEVALVE 00003974;0
PIPEVALVE 00003975;0
PIPEVALVE 00003976;0
PIPEVALVE 00003977;0
PIPEVALVE 00003978;0
PIPEVALVE 00003979;0
PIPEVALVE 00003980;0
PIPEVALVE 00003981;0
PIPEVALVE 00003982;0
PIPEVALVE 00003983;0
PIPEVALVE 00003984;0
PIPEVALVE 00003985;0
PIPEVALVE 00003986;0
PIPEVALVE 00003987;0
PIPEVALVE 00003988;0
PIPEVALVE 00003989;0
PIPEVALVE 00003990;0
PIPEVALVE 00003991;0
PIPEVALVE 00003992;0
PIPEVALVE 00003993;0
PIPEVALVE 00003994;0
PIPEVALVE 00003995;0
PIPEVALVE 00003996;0
PIPEVALVE 00003997;0
PIPEVALVE 00003998;0
PIPEVALVE 00003999;0
PIPEVALVE 00004000;0
PIPEVALVE 00004001;0
PIPEVALVE 00004002;0
PIPEVALVE 00004003;0
PIPEVALVE 00004004;0
PIPEVALVE 00004005;0
PIPEVALVE 00004006;0
PIPEVALVE 00004007;0
PIPEVALVE 00004008;0
PIPEVALVE 00004009;0
PIPEVALVE 00004010;0
PIPEVALVE 00004011;0
PIPEVALVE 00004012;0
PIPEVALVE 00004013;0
PIPEVALVE 00004014;0
PIPEVALVE 00004019;0
PIPEVALVE 00004020;0
PIPEVALVE 00004021;0
PIPEVALVE 00004022;0
PIPEVALVE 00004023;0
PIPEVALVE 00004024;0
PIPEVALVE 00004025;0
PIPEVALVE 00004026;0
PIPEVALVE 00004027;0
PIPEVALVE 00004028;0
PIPEVALVE 00004029;0
PIPEVALVE 00004030;0
PIPEVALVE 00004031;0
PIPEVALVE 00004032;0
PIPEVALVE 00004035;0
PIPEVALVE 00004036;0
PIPEVALVE 00004037;0
PIPEVALVE 00004038;0
PIPEVALVE 00004039;0
PIPEVALVE 00004040;0
PIPEVALVE 00004041;0
PIPEVALVE 00004042;0
PIPEVALVE 00004043;0
PIPEVALVE 00004044;0
PIPEVALVE 00004045;0
PIPEVALVE 00004046;0
PIPEVALVE 00004047;0
PIPEVALVE 00004048;0
PIPEVALVE 00004049;0
PIPEVALVE 00004050;0
PIPEVALVE 00004051;0
PIPEVALVE 00004052;0
PIPEVALVE 00004053;0
PIPEVALVE 00004054;0
PIPEVALVE 00004055;0
PIPEVALVE 00004056;0
PIPEVALVE 00004057;0
PIPEVALVE 00004058;0
PIPEVALVE 00004059;0
PIPEVALVE 00004060;0
PIPEVALVE 00004061;0
PIPEVALVE 00004062;0
PIPEVALVE 00004063;0
PIPEVALVE 00004064;0
PIPEVALVE 00004065;0
PIPEVALVE 00004066;0
PIPEVALVE 00004067;0
PIPEVALVE 00004068;0
PIPEVALVE 00004069;0
PIPEVALVE 00004070;0
PIPEVALVE 00004071;0
PIPEVALVE 00004072;0
PIPEVALVE 00004073;0
PIPEVALVE 00004074;0
PIPEVALVE 00004075;0
PIPEVALVE 00004076;0
PIPEVALVE 00004077;0
PIPEVALVE 00004078;0
PIPEVALVE 00004079;0
PIPEVALVE 00004080;0
PIPEVALVE 00004081;0
PIPEVALVE 00004082;0
PIPEVALVE 00004083;0
PIPEVALVE 00004084;0
PIPEVALVE 00004085;0
PIPEVALVE 00004086;0
PIPEVALVE 00004089;0
PIPEVALVE 00004090;0
PIPEVALVE 00004091;0
PIPEVALVE 00004092;0
PIPEVALVE 00004093;0
PIPEVALVE 00004094;0
PIPEVALVE 00004095;0
PIPEVALVE 00004096;0
PIPEVALVE 00004097;0
PIPEVALVE 00004098;0
PIPEVALVE 00004099;0
PIPEVALVE 00004100;0
PIPEVALVE 00004101;0
PIPEVALVE 00004102;0
PIPEVALVE 00004103;0
PIPEVALVE 00004104;0
PIPEVALVE 00004105;0
PIPEVALVE 00004106;0
PIPEVALVE 00004107;0
PIPEVALVE 00004108;0
PIPEVALVE 00004109;0
PIPEVALVE 00004110;0
PIPEVALVE 00004111;0
PIPEVALVE 00004112;0
PIPEVALVE 00004113;0
PIPEVALVE 00004114;0
PIPEVALVE 00004115;0
PIPEVALVE 00004116;0
PIPEVALVE 00004117;0
PIPEVALVE 00004118;0
PIPEVALVE 00004119;0
PIPEVALVE 00004120;0
PIPEVALVE 00004121;0
PIPEVALVE 00004122;0
PIPEVALVE 00004123;0
PIPEVALVE 00004124;0
PIPEVALVE 00004125;0
PIPEVALVE 00004126;0
PIPEVALVE 00004127;0
PIPEVALVE 00004128;0
PIPEVALVE 00004129;0
PIPEVALVE 00004130;0
PIPEVALVE 00004131;0
PIPEVALVE 00004132;0
PIPEVALVE 00004133;0
PIPEVALVE 00004134;0
PIPEVALVE 00004135;0
PIPEVALVE 00004136;0
PIPEVALVE 00004137;0
PIPEVALVE 00004138;0
PIPEVALVE 00004139;0
PIPEVALVE 00004140;0
PIPEVALVE 00004141;0
PIPEVALVE 00004142;0
PIPEVALVE 00004143;0
PIPEVALVE 00004144;0
PIPEVALVE 00004145;0
PIPEVALVE 00004146;0
PIPEVALVE 00004147;0
PIPEVALVE 00004148;0
PIPEVALVE 00004149;0
PIPEVALVE 00004150;0
PIPEVALVE 00004151;0
PIPEVALVE 00004152;0
PIPEVALVE 00004153;0
PIPEVALVE 00004154;0
PIPEVALVE 00004155;0
PIPEVALVE 00004156;0
PIPEVALVE 00004157;0
PIPEVALVE 00004158;0
PIPEVALVE 00004159;0
PIPEVALVE 00004160;0
PIPEVALVE 00004161;0
PIPEVALVE 00004162;0
PIPEVALVE 00004163;0
PIPEVALVE 00004164;0
PIPEVALVE 00004165;0
PIPEVALVE 00004166;0
PIPEVALVE 00004167;0
PIPEVALVE 00004168;0
PIPEVALVE 00004169;0
PIPEVALVE 00004170;0
PIPEVALVE 00004171;0
PIPEVALVE 00004172;0
PIPEVALVE 00004173;0
PIPEVALVE 00004174;0
PIPEVALVE 00004175;0
PIPEVALVE 00004176;0
PIPEVALVE 00004177;0
PIPEVALVE 00004178;0
PIPEVALVE 00004179;0
PIPEVALVE 00004180;0
PIPEVALVE 00004181;0
PIPEVALVE 00004182;0
PIPEVALVE 00004183;0
PIPEVALVE 00004184;0
PIPEVALVE 00004185;0
PIPEVALVE 00004186;0
PIPEVALVE 00004187;0
PIPEVALVE 00004193;0
PIPEVALVE 00004194;0
PIPEVALVE 00004195;0
PIPEVALVE 00004196;0
PIPEVALVE 00004197;0
PIPEVALVE 00004198;0
PIPEVALVE 00004199;0
PIPEVALVE 00004200;0
PIPEVALVE 00004201;0
PIPEVALVE 00004202;0
PIPEVALVE 00004203;0
PIPEVALVE 00004204;0
PIPEVALVE 00004205;0
PIPEVALVE 00004206;0
PIPEVALVE 00004207;0
PIPEVALVE 00004208;0
PIPEVALVE 00004209;0
PIPEVALVE 00004210;0
PIPEVALVE 00004211;0
PIPEVALVE 00004212;0
PIPEVALVE 00004213;0
PIPEVALVE 00004214;0
PIPEVALVE 00004215;0
PIPEVALVE 00004216;0
PIPEVALVE 00004222;0
PIPEVALVE 00004225;0
PIPEVALVE 00004226;0
PIPEVALVE 00004231;0
PIPEVALVE 00004232;0
PIPEVALVE 00004233;0
PIPEVALVE 00004234;0
PIPEVALVE 00004235;0
PIPEVALVE 00004236;0
PIPEVALVE 00004237;0
PIPEVALVE 00004238;0
PIPEVALVE 00004239;0
PIPEVALVE 00004240;0
PIPEVALVE 00004241;0
PIPEVALVE 00004242;0
PIPEVALVE 00004243;0
PIPEVALVE 00004244;0
PIPEVALVE 00004245;0
PIPEVALVE 00004246;0
PIPEVALVE 00004247;0
PIPEVALVE 00004248;0
PIPEVALVE 00004249;0
PIPEVALVE 00004250;0
PIPEVALVE 00004251;0
PIPEVALVE 00004252;0
PIPEVALVE 00004253;0
PIPEVALVE 00004254;0
PIPEVALVE 00004255;0
PIPEVALVE 00004256;0
PIPEVALVE 00004257;0
PIPEVALVE 00004258;0
PIPEVALVE 00004259;0
PIPEVALVE 00004260;0
PIPEVALVE 00004261;0
PIPEVALVE 00004262;0
PIPEVALVE 00004263;0
PIPEVALVE 00004264;0
PIPEVALVE 00004265;0
PIPEVALVE 00004266;0
PIPEVALVE 00004267;0
PIPEVALVE 00004268;0
PIPEVALVE 00004269;0
PIPEVALVE 00004270;0
PIPEVALVE 00004271;0
PIPEVALVE 00004272;0
PIPEVALVE 00004273;0
PIPEVALVE 00004274;0
PIPEVALVE 00004275;0
PIPEVALVE 00004276;0
PIPEVALVE 00004277;0
PIPEVALVE 00004278;0
PIPEVALVE 00004279;0
PIPEVALVE 00004280;0
PIPEVALVE 00004281;0
PIPEVALVE 00004282;0
PIPEVALVE 00004283;0
PIPEVALVE 00004284;0
PIPEVALVE 00004285;0
PIPEVALVE 00004286;0
PIPEVALVE 00004287;0
PIPEVALVE 00004288;0
PIPEVALVE 00004289;0
PIPEVALVE 00004290;0
PIPEVALVE 00004291;0
PIPEVALVE 00004293;0
PIPEVALVE 00004294;0
PIPEVALVE 00004295;0
PIPEVALVE 00004296;0
PIPEVALVE 00004297;0
PIPEVALVE 00004298;0
PIPEVALVE 00004299;0
PIPEVALVE 00004301;0
PIPEVALVE 00004302;0
PIPEVALVE 00004313;0
PIPEVALVE 00004314;0
PIPEVALVE 00004315;0
PIPEVALVE 00004316;0
PIPEVALVE 00004317;0
PIPEVALVE 00004318;0
PIPEVALVE 00004319;0
PIPEVALVE 00004320;0
PIPEVALVE 00004324;0
PIPEVALVE 00004325;0
PIPEVALVE 00004326;0
PIPEVALVE 00004327;0
PIPEVALVE 00004328;0
PIPEVALVE 00004329;0
PIPEVALVE 00004330;0
PIPEVALVE 00004331;0
PIPEVALVE 00004332;0
PIPEVALVE 00004333;0
PIPEVALVE 00004334;0
PIPEVALVE 00004337;0
PIPEVALVE 00004338;0
PIPEVALVE 00004339;0
PIPEVALVE 00004340;0
PIPEVALVE 00004341;0
PIPEVALVE 00004342;0
PIPEVALVE 00004345;0
PIPEVALVE 00004346;0
PIPEVALVE 00004347;0
PIPEVALVE 00004348;0
PIPEVALVE 00004353;0
PIPEVALVE 00004354;0
PIPEVALVE 00004357;0
PIPEVALVE 00004358;0
PIPEVALVE 00004363;0
PIPEVALVE 00004364;0
PIPEVALVE 00004365;0
PIPEVALVE 00004366;0
PIPEVALVE 00004367;0
PIPEVALVE 00004368;0
PIPEVALVE 00004369;0
PIPEVALVE 00004370;0
PIPEVALVE 00004371;0
PIPEVALVE 00004372;0
PIPEVALVE 00004373;0
PIPEVALVE 00004374;0
PIPEVALVE 00004375;0
PIPEVALVE 00004376;0
PIPEVALVE 00004377;0
PIPEVALVE 00004378;0
PIPEVALVE 00004381;0
PIPEVALVE 00004382;0
PIPEVALVE 00004383;0
PIPEVALVE 00004384;0
PIPEVALVE 00004385;0
PIPEVALVE 00004386;0
PIPEVALVE 00004387;0
PIPEVALVE 00004388;0
PIPEVALVE 00004389;0
PIPEVALVE 00004390;0
PIPEVALVE 00004391;0
PIPEVALVE 00004392;0
PIPEVALVE 00004393;0
PIPEVALVE 00004394;0
PIPEVALVE 00004395;0
PIPEVALVE 00004396;0
PIPEVALVE 00004429;0
PIPEVALVE 00004430;0
PIPEVALVE 00004431;0
PIPEVALVE 00004432;0
PIPEVALVE 00004793;0
PIPEVALVE 00004794;0
PIPEVALVE 00004795;0
PIPEVALVE 00004796;0
PIPEVALVE 00004803;0
PIPEVALVE 00004804;0
PIPEVALVE 00004807;0
PIPEVALVE 00004808;0
PIPEVALVE 00004809;0
PIPEVALVE 00004810;0
PIPEVALVE 00004811;0
PIPEVALVE 00004812;0
PIPEVALVE 00004815;0
PIPEVALVE 00004816;0
PIPEVALVE 00004817;0
PIPEVALVE 00004818;0
PIPEVALVE 00004821;0
PIPEVALVE 00004822;0
PIPEVALVE 00004823;0
PIPEVALVE 00004824;0
PIPEVALVE 00004825;0
PIPEVALVE 00004826;0
PIPEVALVE 00004827;0
PIPEVALVE 00004828;0
PIPEVALVE 00004829;0
PIPEVALVE 00004830;0
PIPEVALVE 00004831;0
PIPEVALVE 00004832;0
PIPEVALVE 00004833;0
PIPEVALVE 00004834;0
PIPEVALVE 00004835;0
PIPEVALVE 00004836;0
PIPEVALVE 00004837;0
PIPEVALVE 00004838;0
PIPEVALVE 00004839;0
PIPEVALVE 00004840;0
PIPEVALVE 00004841;0
PIPEVALVE 00004842;0
PIPEVALVE 00004843;0
PIPEVALVE 00004844;0
PIPEVALVE 00004845;0
PIPEVALVE 00004846;0
PIPEVALVE 00004852;0
PIPEVALVE 00004853;0
PIPEVALVE 00005110;0
PIPEVALVE 00005111;0
PIPEVALVE 00005112;0
PIPEVALVE 00005113;0
PIPEVALVE 00005114;0
PIPEVALVE 00005115;0
PIPEVALVE 00005116;0
PIPEVALVE 00005117;0
PIPEVALVE 00005118;0
PIPEVALVE 00005119;0
PIPEVALVE 00005134;0
PIPEVALVE 00005135;0
PIPEVALVE 00005136;0
PIPEVALVE 00005137;0
PIPEVALVE 00005138;0
PIPEVALVE 00005139;0
PIPEVALVE 00005140;0
PIPEVALVE 00005141;0
PIPEVALVE 00005144;0
PIPEVALVE 00005145;0
PIPEVALVE 00005151;0
PIPEVALVE 00005154;0
PIPEVALVE 00005155;0
PIPEVALVE 00005156;0
PIPEVALVE 00005157;0
PIPEVALVE 00005158;0
PIPEVALVE 00005159;0
PIPEVALVE 00005160;0
PIPEVALVE 00005161;0
PIPEVALVE 00005162;0
PIPEVALVE 00005163;0
PIPEVALVE 00005164;0
PIPEVALVE 00005165;0
PIPEVALVE 00005166;0
PIPEVALVE 00005167;0
PIPEVALVE 00005180;0
PIPEVALVE 00005181;0
PIPEVALVE 00005182;0
PIPEVALVE 00005183;0
PIPEVALVE 00005184;0
PIPEVALVE 00005185;0
PIPEVALVE 00005188;0
PIPEVALVE 00005189;0
PIPEVALVE 00005194;0
PIPEVALVE 00005195;0
PIPEVALVE 00005196;0
PIPEVALVE 00005197;0
PIPEVALVE 00005198;0
PIPEVALVE 00005199;0
PIPEVALVE 00005202;0
PIPEVALVE 00005204;0
PIPEVALVE 00005205;0
PIPEVALVE 00005206;0
PIPEVALVE 00005207;0
PIPEVALVE 00005222;0
PIPEVALVE 00005223;0
PIPEVALVE 00005249;0
PIPEVALVE 00005250;0
PIPEVALVE 00005251;0
PIPEVALVE 00005252;0
PIPEVALVE 00005265;0
PIPEVALVE 00005266;0
PIPEVALVE 00005267;0
PIPEVALVE 00005268;0
PIPEVALVE 00005269;0
PIPEVALVE 00005270;0
PIPEVALVE 00005282;0
PIPEVALVE 00005283;0
PIPEVALVE 00005284;0
PIPEVALVE 00005285;0
PIPEVALVE 00005286;0
PIPEVALVE 00005287;0
PIPEVALVE 00005288;0
PIPEVALVE 00005289;0
PIPEVALVE 00005290;0
PIPEVALVE 00005291;0
PIPEVALVE 00005292;0
PIPEVALVE 00005293;0
PIPEVALVE 00005294;0
PIPEVALVE 00005295;0
PIPEVALVE 00005296;0
PIPEVALVE 00005297;0
PIPEVALVE 00005298;0
PIPEVALVE 00005299;0
PIPEVALVE 00005300;0
PIPEVALVE 00005301;0
PIPEVALVE 00005308;0
PIPEVALVE 00005309;0
PIPEVALVE 00005455;0
PIPEVALVE 00005456;0
PIPEVALVE 00005457;0
PIPEVALVE 00005458;0
PIPEVALVE 00005459;0
PIPEVALVE 00005460;0
PIPEVALVE 00005461;0
PIPEVALVE 00005462;0
PIPEVALVE 00005471;0
PIPEVALVE 00005472;0
PIPEVALVE 00000014;0
PIPEVALVE 00000015;0
PIPEVALVE 00000016;0
PIPEVALVE 00000017;0
PIPEVALVE 00000018;0
PIPEVALVE 00000019;0
PIPEVALVE 00000020;0
PIPEVALVE 00002030;0
PIPEVALVE 00002031-A;0
PIPEVALVE 00002034;0
PIPEVALVE 00002035;0
PIPEVALVE 00002036;0
PIPEVALVE 00002037;0
PIPEVALVE 00002038;0
PIPEVALVE 00002039;0
PIPEVALVE 00002040;0
PIPEVALVE 00002041;0
PIPEVALVE 00002042;0
PIPEVALVE 00002043;0
PIPEVALVE 00002046;0
PIPEVALVE 00002047;0
PIPEVALVE 00002050;0
PIPEVALVE 00002051;0
PIPEVALVE 00002052;0
PIPEVALVE 00002053;0
PIPEVALVE 00002054;0
PIPEVALVE 00002055;0
PIPEVALVE 00002056;0
PIPEVALVE 00002057;0
PIPEVALVE 00002058;0
PIPEVALVE 00002059;0
PIPEVALVE 00002060;0
PIPEVALVE 00002061;0
PIPEVALVE 00002062;0
PIPEVALVE 00002063;0
PIPEVALVE 00002064;0
PIPEVALVE 00002065;0
PIPEVALVE 00002066;0
PIPEVALVE 00002067;0
PIPEVALVE 00002068;0
PIPEVALVE 00002069;0
PIPEVALVE 00002070;0
PIPEVALVE 00002071;0
PIPEVALVE 00002074;0
PIPEVALVE 00002075;0
PIPEVALVE 00002078;0
PIPEVALVE 00002079;0
PIPEVALVE 00002080;0
PIPEVALVE 00002081;0
PIPEVALVE 00002084;0
PIPEVALVE 00002085;0
PIPEVALVE 00002086;0
PIPEVALVE 00002087;0
PIPEVALVE 00002092;0
PIPEVALVE 00002093;0
PIPEVALVE 00002094;0
PIPEVALVE 00002095;0
PIPEVALVE 00002096;0
PIPEVALVE 00002097;0
PIPEVALVE 00002102;0
PIPEVALVE 00002103;0
PIPEVALVE 00002104;0
PIPEVALVE 00002105;0
PIPEVALVE 00002106;0
PIPEVALVE 00002107;0
PIPEVALVE 00002108;0
PIPEVALVE 00002109;0
PIPEVALVE 00002110;0
PIPEVALVE 00002111;0
PIPEVALVE 00002112;0
PIPEVALVE 00002113;0
PIPEVALVE 00002115;0
PIPEVALVE 00002116;0
PIPEVALVE 00002117;0
PIPEVALVE 00002118;0
PIPEVALVE 00002119;0
PIPEVALVE 00002120;0
PIPEVALVE 00002121;0
PIPEVALVE 00002122;0
PIPEVALVE 00002123;0
PIPEVALVE 00002124;0
PIPEVALVE 00002125;0
PIPEVALVE 00002126;0
PIPEVALVE 00002127;0
PIPEVALVE 00002128;0
PIPEVALVE 00002129;0
PIPEVALVE 00002130;0
PIPEVALVE 00002131;0
PIPEVALVE 00002132;0
PIPEVALVE 00002133;0
PIPEVALVE 00002134;0
PIPEVALVE 00002848;0
PIPEVALVE 00002849;0
PIPEVALVE 00002850;0
PIPEVALVE 00002851;0
PIPEVALVE 00002852;0
PIPEVALVE 00002853;0
PIPEVALVE 00002854;0
PIPEVALVE 00004864;0
PIPEVALVE 00004865-A;0
PIPEVALVE 00004868;0
PIPEVALVE 00004869;0
PIPEVALVE 00004870;0
PIPEVALVE 00004871;0
PIPEVALVE 00004872;0
PIPEVALVE 00004873;0
PIPEVALVE 00004874;0
PIPEVALVE 00004875;0
PIPEVALVE 00004876;0
PIPEVALVE 00004877;0
PIPEVALVE 00004880;0
PIPEVALVE 00004881;0
PIPEVALVE 00004884;0
PIPEVALVE 00004885;0
PIPEVALVE 00004886;0
PIPEVALVE 00004887;0
PIPEVALVE 00004888;0
PIPEVALVE 00004889;0
PIPEVALVE 00004890;0
PIPEVALVE 00004891;0
PIPEVALVE 00004892;0
PIPEVALVE 00004893;0
PIPEVALVE 00004894;0
PIPEVALVE 00004895;0
PIPEVALVE 00004896;0
PIPEVALVE 00004897;0
PIPEVALVE 00004898;0
PIPEVALVE 00004899;0
PIPEVALVE 00004900;0
PIPEVALVE 00004901;0
PIPEVALVE 00004902;0
PIPEVALVE 00004903;0
PIPEVALVE 00004904;0
PIPEVALVE 00004905;0
PIPEVALVE 00004908;0
PIPEVALVE 00004909;0
PIPEVALVE 00004912;0
PIPEVALVE 00004913;0
PIPEVALVE 00004914;0
PIPEVALVE 00004915;0
PIPEVALVE 00004918;0
PIPEVALVE 00004919;0
PIPEVALVE 00004920;0
PIPEVALVE 00004921;0
PIPEVALVE 00004926;0
PIPEVALVE 00004927;0
PIPEVALVE 00004928;0
PIPEVALVE 00004929;0
PIPEVALVE 00004930;0
PIPEVALVE 00004931;0
PIPEVALVE 00004936;0
PIPEVALVE 00004937;0
PIPEVALVE 00004938;0
PIPEVALVE 00004939;0
PIPEVALVE 00004940;0
PIPEVALVE 00004941;0
PIPEVALVE 00004942;0
PIPEVALVE 00004943;0
PIPEVALVE 00004944;0
PIPEVALVE 00004945;0
PIPEVALVE 00004946;0
PIPEVALVE 00004947;0
PIPEVALVE 00004949;0
PIPEVALVE 00004950;0
PIPEVALVE 00004951;0
PIPEVALVE 00004952;0
PIPEVALVE 00004953;0
PIPEVALVE 00004954;0
PIPEVALVE 00004955;0
PIPEVALVE 00004956;0
PIPEVALVE 00004957;0
PIPEVALVE 00004958;0
PIPEVALVE 00004959;0
PIPEVALVE 00004960;0
PIPEVALVE 00004961;0
PIPEVALVE 00004962;0
PIPEVALVE 00004963;0
PIPEVALVE 00004964;0
PIPEVALVE 00004965;0
PIPEVALVE 00004966;0
PIPEVALVE 00004967;0
PIPEVALVE 00004968;0
PIPE447C5B6FAB24BC;0
PIPE447C5B6FAB40BD;0
PIPE447C5B6FAB5CBE;0
PIPE447C5B6FAB78BF;0
PIPE447C5B6FAC3DC6;1
PIPE447C5B6FAC7CC8;1
PIPE447C5B6FACB4CA;0
PIPE447C5B6FACD0CB;0
PIPE447C5B6FACEDCC;0
PIPE447C5B6FAD09CD;0
PIPE447C5B6FAD27CE;0
PIPE447C5B6FAD44CF;0
PIPE447C5B6FADB7D3;1
PIPE447C5B6FAE12D5;0
PIPE447C5B6FAE31D6;0
PIPE447C5B6FAE4FD7;1
PIPE447C5B6FAE6CD8;1
PIPE447C5B6FAE88D9;1
PIPE447C5B6FAEEADB;0
PIPE447C5B6FAF07DC;0
PIPE447C5B6FAF7BE0;1
PIPE447C5B6FAF97E1;1
PIPE447C5B6FB010E5;0
PIPE447C5B6FB02EE6;0
PIPE447C5B6FB04AE7;0
PIPE447C5B6FB085E9;0
PIPE447C5B6FB0A1EA;0
PIPE447C5B6FB0FCED;0
PIPE447C5B6FB119EE;0
PIPE447C5B6FB136EF;0
PIPE447C5B6FB153F0;0
PIPE447C5B6FB18CF2;0
PIPE447C5B6FB1A9F3;0
PIPE447C5B6FB1C5F4;0
PIPE447C5B6FB1E2F5;0
PIPE447C5B6FB21BF7;0
PIPE447C5B6FB238F8;0
PIPE447C5B6FB254F9;0
PIPE447C5B6FB271FA;0
PIPE447C5B6FB28EFB;0
PIPE447C5B6FB2ACFC;0
PIPE447C5B6FB2C9FD;0
PIPE447C5B6FB2E5FE;0
PIPE447C5B6FB38F03;0
PIPE447C5B6FB3AD04;0
PIPE447C5B6FB3CA05;0
PIPE447C5B6FB3E706;0
PIPE447C5B6FB40407;0
PIPE447C5B6FB42108;0
PIPE447C5B6FB43E09;0
PIPE447C5B6FB45B0A;0
PIPE447C5B6FB4780B;0
PIPE447C5B6FB4BB0C;0
PIPE447C5B6FB4DB0D;0
PIPE447C5B6FB4F90E;0
PIPE447C5B6FB5160F;0
PIPE447C5B6FB55510;0
PIPE447C5B6FB57D11;0
PIPE447C5B6FB5A512;0
PIPE447C5B6FB5C913;0
PIPE447C5B6FB5F514;0
PIPE447C5B6FB62615;0
PIPE447C5B6FB64B16;0
PIPE447C5B6FB66F17;0
PIPE447C5B6FB69B18;0
PIPE447C5B6FB6C119;0
PIPE447C5B6FB6E31A;0
PIPE447C5B6FB70E1B;0
PIPE447C5B6FB74E1C;0
PIPE447C5B6FB76C1D;0
PIPE447C5B6FB78A1E;0
PIPE447C5B6FB7A71F;0
PIPE447C5B6FB7E121;0
PIPE447C5B6FB7FF22;0
PIPE447C5B6FB81C23;0
PIPE447C5B6FB83924;0
PIPE447C5B6FB85625;0
PIPE447C5B6FB87426;0
PIPEVALVE 00000001;0
PIPEVALVE 00000002;0
PIPEVALVE 00000003;0
PIPEVALVE 00000004;0
PIPEVALVE 00000005;0
PIPEVALVE 00000006;0
PIPEVALVE 00000007;0
PIPEVALVE 00000008;0
PIPEVALVE 00000009;0
PIPEVALVE 00000010;0
PIPEVALVE 00000011;0
PIPEVALVE 00000012;0
PIPEVALVE 00000013;0
PIPEVALVE 00000015-A;0
PIPEVALVE 00000016-A;0
PIPEVALVE 00000017-A;0
PIPEVALVE 00000018-A;0
PIPEVALVE 00000021;0
PIPEVALVE 00000022;0
PIPEVALVE 00000023;0
PIPEVALVE 00000024;0
PIPEVALVE 00000025;0
PIPEVALVE 00000026;0
PIPEVALVE 00000027;0
PIPEVALVE 00000028;0
PIPEVALVE 00000029;0
PIPEVALVE 00000030;0
PIPEVALVE 00000031;0
PIPEVALVE 00000032;0
PIPEVALVE 00000037;0
PIPEVALVE 00000038;0
PIPEVALVE 00000039;0
PIPEVALVE 00000040;0
PIPEVALVE 00000041;0
PIPEVALVE 00000042;0
PIPEVALVE 00000043;0
PIPEVALVE 00000044;0
PIPEVALVE 00000045;0
PIPEVALVE 00000046;0
PIPEVALVE 00000047;0
PIPEVALVE 00000048;0
PIPEVALVE 00000049;0
PIPEVALVE 00000050;0
PIPEVALVE 00000051;0
PIPEVALVE 00000052;0
PIPEVALVE 00000053;0
PIPEVALVE 00000054;0
PIPEVALVE 00000055;0
PIPEVALVE 00000056;0
PIPEVALVE 00000057;0
PIPEVALVE 00000058;0
PIPEVALVE 00000059;0
PIPEVALVE 00000060;0
PIPEVALVE 00000061;0
PIPEVALVE 00000062;0
PIPEVALVE 00000063;0
PIPEVALVE 00000064;0
PIPEVALVE 00000065;0
PIPEVALVE 00000066;0
PIPEVALVE 00000067;0
PIPEVALVE 00000068;0
PIPEVALVE 00000071;0
PIPEVALVE 00000072;0
PIPEVALVE 00000073;0
PIPEVALVE 00000074;0
PIPEVALVE 00000075;0
PIPEVALVE 00000076;0
PIPEVALVE 00000077;0
PIPEVALVE 00000078;0
PIPEVALVE 00000079;0
PIPEVALVE 00000080;0
PIPEVALVE 00000081;0
PIPEVALVE 00000082;0
PIPEVALVE 00000083;0
PIPEVALVE 00000084;0
PIPEVALVE 00000085;0
PIPEVALVE 00000086;0
PIPEVALVE 00000087;0
PIPEVALVE 00000088;0
PIPEVALVE 00000089;0
PIPEVALVE 00000090;0
PIPEVALVE 00000091;0
PIPEVALVE 00000095;0
PIPEVALVE 00000098;0
PIPEVALVE 00000099;0
PIPEVALVE 00000100;0
PIPEVALVE 00000101;0
PIPEVALVE 00000102;0
PIPEVALVE 00000103;0
PIPEVALVE 00000104;0
PIPEVALVE 00000105;0
PIPEVALVE 00000106;0
PIPEVALVE 00000107;0
PIPEVALVE 00000108;0
PIPEVALVE 00000109;0
PIPEVALVE 00000116;0
PIPEVALVE 00000117;0
PIPEVALVE 00000118;0
PIPEVALVE 00000119;0
PIPEVALVE 00000120;0
PIPEVALVE 00000121;0
PIPEVALVE 00000122;0
PIPEVALVE 00000123;0
PIPEVALVE 00000124;0
PIPEVALVE 00000125;0
PIPEVALVE 00000126-A;0
PIPEVALVE 00000127-A;0
PIPEVALVE 00000128-A;0
PIPEVALVE 00000129-A;0
PIPEVALVE 00000130-A;0
PIPEVALVE 00000131-A;0
PIPEVALVE 00000132-A;0
PIPEVALVE 00000133-A;0
PIPEVALVE 00000135-A;0
PIPEVALVE 00000136-A;0
PIPEVALVE 00000137-A;0
PIPEVALVE 00000138-A;0
PIPEVALVE 00000143;0
PIPEVALVE 00000144;0
PIPEVALVE 00000145;0
PIPEVALVE 00000146;0
PIPEVALVE 00000149;0
PIPEVALVE 00000150;0
PIPEVALVE 00000151;0
PIPEVALVE 00000152;0
PIPEVALVE 00000153;0
PIPEVALVE 00000154;0
PIPEVALVE 00000155;0
PIPEVALVE 00000156;0
PIPEVALVE 00000158;0
PIPEVALVE 00000159;0
PIPEVALVE 00000160;0
PIPEVALVE 00000163;0
PIPEVALVE 00000164;0
PIPEVALVE 00000165;0
PIPEVALVE 00000166;0
PIPEVALVE 00000167;0
PIPEVALVE 00000168;0
PIPEVALVE 00000169;0
PIPEVALVE 00000170;0
PIPEVALVE 00000171;0
PIPEVALVE 00000172;0
PIPEVALVE 00000173;0
PIPEVALVE 00000174;0
PIPEVALVE 00000175;0
PIPEVALVE 00000176;0
PIPEVALVE 00000177;0
PIPEVALVE 00000178;0
PIPEVALVE 00000179;0
PIPEVALVE 00000180;0
PIPEVALVE 00000181;0
PIPEVALVE 00000182;0
PIPEVALVE 00000183;0
PIPEVALVE 00000184;0
PIPEVALVE 00000185;0
PIPEVALVE 00000186;0
PIPEVALVE 00000187;0
PIPEVALVE 00000201;0
PIPEVALVE 00000202;0
PIPEVALVE 00000203;0
PIPEVALVE 00000204;0
PIPEVALVE 00000207;0
PIPEVALVE 00000208;0
PIPEVALVE 00000209;0
PIPEVALVE 00000210;0
PIPEVALVE 00000211;0
PIPEVALVE 00000212;0
PIPEVALVE 00000213;0
PIPEVALVE 00000214;0
PIPEVALVE 00000215;0
PIPEVALVE 00000216;0
PIPEVALVE 00000217;0
PIPEVALVE 00000218;0
PIPEVALVE 00000219;0
PIPEVALVE 00000220;0
PIPEVALVE 00000221;0
PIPEVALVE 00000222;0
PIPEVALVE 00000223;0
PIPEVALVE 00000224;0
PIPEVALVE 00000225;0
PIPEVALVE 00000226;0
PIPEVALVE 00000227;0
PIPEVALVE 00000228;0
PIPEVALVE 00000229;0
PIPEVALVE 00000230;0
PIPEVALVE 00000231;0
PIPEVALVE 00000232;0
PIPEVALVE 00000233;0
PIPEVALVE 00000234;0
PIPEVALVE 00000235;0
PIPEVALVE 00000236;0
PIPEVALVE 00000237;0
PIPEVALVE 00000238;0
PIPEVALVE 00000239;0
PIPEVALVE 00000240;0
PIPEVALVE 00000241;0
PIPEVALVE 00000242;0
PIPEVALVE 00000243;0
PIPEVALVE 00000244;0
PIPEVALVE 00000245;0
PIPEVALVE 00000246;0
PIPEVALVE 00000247;0
PIPEVALVE 00000248;0
PIPEVALVE 00000249;0
PIPEVALVE 00000250;0
PIPEVALVE 00000251;0
PIPEVALVE 00000252;0
PIPEVALVE 00000253;0
PIPEVALVE 00000254;0
PIPEVALVE 00000255;0
PIPEVALVE 00000256;0
PIPEVALVE 00000257;0
PIPEVALVE 00000258;0
PIPEVALVE 00000259;0
PIPEVALVE 00000260;0
PIPEVALVE 00000261;0
PIPEVALVE 00000262;0
PIPEVALVE 00000266;0
PIPEVALVE 00000267;0
PIPEVALVE 00000268;0
PIPEVALVE 00000269;0
PIPEVALVE 00000270;0
PIPEVALVE 00000271;0
PIPEVALVE 00000272;0
PIPEVALVE 00000273;0
PIPEVALVE 00000274;0
PIPEVALVE 00000275;0
PIPEVALVE 00000276;0
PIPEVALVE 00000277;0
PIPEVALVE 00000278;0
PIPEVALVE 00000279;0
PIPEVALVE 00000280;0
PIPEVALVE 00000281;0
PIPEVALVE 00000282;0
PIPEVALVE 00000283;0
PIPEVALVE 00000284;0
PIPEVALVE 00000285;0
PIPEVALVE 00000286;0
PIPEVALVE 00000287;0
PIPEVALVE 00000288;0
PIPEVALVE 00000289;0
PIPEVALVE 00000290;0
PIPEVALVE 00000291;0
PIPEVALVE 00000292;0
PIPEVALVE 00000293;0
PIPEVALVE 00000294;0
PIPEVALVE 00000295;0
PIPEVALVE 00000296;0
PIPEVALVE 00000297;0
PIPEVALVE 00000298;0
PIPEVALVE 00000299;0
PIPEVALVE 00000300;0
PIPEVALVE 00000301;0
PIPEVALVE 00000302;0
PIPEVALVE 00000303;0
PIPEVALVE 00000306;0
PIPEVALVE 00000307;0
PIPEVALVE 00000308;0
PIPEVALVE 00000309;0
PIPEVALVE 00000310;0
PIPEVALVE 00000311;0
PIPEVALVE 00000312;0
PIPEVALVE 00000313;0
PIPEVALVE 00000314;0
PIPEVALVE 00000315;0
PIPEVALVE 00000316;0
PIPEVALVE 00000317;0
PIPEVALVE 00000318;0
PIPEVALVE 00000319;0
PIPEVALVE 00000320;0
PIPEVALVE 00000321;0
PIPEVALVE 00000322;0
PIPEVALVE 00000323;0
PIPEVALVE 00000324;0
PIPEVALVE 00000325;0
PIPEVALVE 00000326;0
PIPEVALVE 00000327;0
PIPEVALVE 00000328;0
PIPEVALVE 00000329;0
PIPEVALVE 00000332;0
PIPEVALVE 00000333;0
PIPEVALVE 00000334;0
PIPEVALVE 00000335;0
PIPEVALVE 00000336;0
PIPEVALVE 00000337;0
PIPEVALVE 00000338;0
PIPEVALVE 00000339;0
PIPEVALVE 00000342;0
PIPEVALVE 00000343;0
PIPEVALVE 00000344;0
PIPEVALVE 00000345;0
PIPEVALVE 00000346;0
PIPEVALVE 00000347;0
PIPEVALVE 00000348;0
PIPEVALVE 00000349;0
PIPEVALVE 00000350;0
PIPEVALVE 00000351;0
PIPEVALVE 00000352;0
PIPEVALVE 00000353;0
PIPEVALVE 00000354;0
PIPEVALVE 00000355;0
PIPEVALVE 00000356;0
PIPEVALVE 00000357;0
PIPEVALVE 00000358;0
PIPEVALVE 00000359;0
PIPEVALVE 00000360;0
PIPEVALVE 00000361;0
PIPEVALVE 00000362;0
PIPEVALVE 00000363;0
PIPEVALVE 00000366;0
PIPEVALVE 00000367;0
PIPEVALVE 00000368;0
PIPEVALVE 00000369;0
PIPEVALVE 00000370;0
PIPEVALVE 00000371;0
PIPEVALVE 00000372;0
PIPEVALVE 00000373;0
PIPEVALVE 00000374;0
PIPEVALVE 00000375;0
PIPEVALVE 00000376-A;0
PIPEVALVE 00000377-A;0
PIPEVALVE 00000378-A;0
PIPEVALVE 00000379-A;0
PIPEVALVE 00000382-A;0
PIPEVALVE 00000383-A;0
PIPEVALVE 00000384-A;0
PIPEVALVE 00000385-A;0
PIPEVALVE 00000390-A;0
PIPEVALVE 00000391-A;0
PIPEVALVE 00000392-A;0
PIPEVALVE 00000393-A;0
PIPEVALVE 00000394-A;0
PIPEVALVE 00000395-A;0
PIPEVALVE 00000396-A;0
PIPEVALVE 00000397-A;0
PIPEVALVE 00000398-A;0
PIPEVALVE 00000399-A;0
PIPEVALVE 00000402-A;0
PIPEVALVE 00000403-A;0
PIPEVALVE 00000404-A;0
PIPEVALVE 00000405-A;0
PIPEVALVE 00000406-A;0
PIPEVALVE 00000407-A;0
PIPEVALVE 00000408-A;0
PIPEVALVE 00000409-A;0
PIPEVALVE 00000414-A;0
PIPEVALVE 00000415-A;0
PIPEVALVE 00000416-A;0
PIPEVALVE 00000417-A;0
PIPEVALVE 00000418-A;0
PIPEVALVE 00000419-A;0
PIPEVALVE 00000420-A;0
PIPEVALVE 00000421-A;0
PIPEVALVE 00000422-A;0
PIPEVALVE 00000423-A;0
PIPEVALVE 00000424-A;0
PIPEVALVE 00000425-A;0
PIPEVALVE 00000426-A;0
PIPEVALVE 00000427-A;0
PIPEVALVE 00000428-A;0
PIPEVALVE 00000429-A;0
PIPEVALVE 00000434-A;0
PIPEVALVE 00000435-A;0
PIPEVALVE 00000436-A;0
PIPEVALVE 00000437-A;0
PIPEVALVE 00000438-A;0
PIPEVALVE 00000439-A;0
PIPEVALVE 00000440-A;0
PIPEVALVE 00000441-A;0
PIPEVALVE 00000442-A;0
PIPEVALVE 00000443-A;0
PIPEVALVE 00000444-A;0
PIPEVALVE 00000445-A;0
PIPEVALVE 00000446-A;0
PIPEVALVE 00000447-A;0
PIPEVALVE 00000448-A;0
PIPEVALVE 00000449-A;0
PIPEVALVE 00000450-A;0
PIPEVALVE 00000451-A;0
PIPEVALVE 00000452-A;0
PIPEVALVE 00000453-A;0
PIPEVALVE 00000454-A;0
PIPEVALVE 00000455-A;0
PIPEVALVE 00000456-A;0
PIPEVALVE 00000457-A;0
PIPEVALVE 00000458;0
PIPEVALVE 00000459;0
PIPEVALVE 00000460-A;0
PIPEVALVE 00000461-A;0
PIPEVALVE 00000462-A;0
PIPEVALVE 00000463-A;0
PIPEVALVE 00000467-A;0
PIPEVALVE 00000468-A;0
PIPEVALVE 00000472;0
PIPEVALVE 00000028-A;0
PIPEVALVE 00000029-A;0
PIPEVALVE 00000030-A;0
PIPEVALVE 00000031-A;0
PIPEVALVE 00000032-A;0
PIPEVALVE 00000033-A;0
PIPEVALVE 00000034-A;0
PIPEVALVE 00000035-A;0
PIPEVALVE 00000036-A;0
PIPEVALVE 00000037-A;0
PIPEVALVE 00000038-A;0
PIPEVALVE 00000039-A;0
PIPEVALVE 00000040-A;0
PIPEVALVE 00000041-A;0
PIPEVALVE 00000042-A;0
PIPEVALVE 00000043-A;0
PIPEVALVE 00000044-A;0
PIPEVALVE 00000045-A;0
PIPEVALVE 00000046-A;0
PIPEVALVE 00000047-A;0
PIPEVALVE 00000048-A;0
PIPEVALVE 00000049-A;0
PIPEVALVE 00000050-A;0
PIPEVALVE 00000051-A;0
PIPEVALVE 00000052-A;0
PIPEVALVE 00000053-A;0
PIPEVALVE 00000054-A;0
PIPEVALVE 00000055-A;0
PIPEVALVE 00000056-A;0
PIPEVALVE 00000057-A;0
PIPEVALVE 00000058-A;0
PIPEVALVE 00000059-A;0
PIPEVALVE 00000060-A;0
PIPEVALVE 00000061-A;0
PIPEVALVE 00000062-A;0
PIPEVALVE 00000063-A;0
PIPEVALVE 00000064-A;0
PIPEVALVE 00000065-A;0
PIPEVALVE 00000066-A;0
PIPEVALVE 00000067-A;0
PIPEVALVE 00000068-A;0
PIPEVALVE 00000069;0
PIPEVALVE 00000070;0
PIPEVALVE 00000071-A;0
PIPEVALVE 00000072-A;0
PIPEVALVE 00000073-A;0
PIPEVALVE 00000074-A;0
PIPEVALVE 00000075-A;0
PIPEVALVE 00000076-A;0
PIPEVALVE 00000077-A;0
PIPEVALVE 00000078-A;0
PIPEVALVE 00000079-A;0
PIPEVALVE 00000080-A;0
PIPEVALVE 00000081-A;0
PIPEVALVE 00000082-A;0
PIPEVALVE 00000083-A;0
PIPEVALVE 00000084-A;0
PIPEVALVE 00000085-A;0
PIPEVALVE 00000086-A;0
PIPEVALVE 00000087-A;0
PIPEVALVE 00000088-A;0
PIPEVALVE 00000089-A;0
PIPEVALVE 00000090-A;0
PIPEVALVE 00000091-A;0
PIPEVALVE 00000092-A;0
PIPEVALVE 00000093-A;0
PIPEVALVE 00000094;0
PIPEVALVE 00000095-A;0
PIPEVALVE 00000096-A;0
PIPEVALVE 00000097-A;0
PIPEVALVE 00000098-A;0
PIPEVALVE 00000099-A;0
PIPEVALVE 00000100-A;0
PIPEVALVE 00000101-A;0
PIPEVALVE 00000102-A;0
PIPEVALVE 00000103-A;0
PIPEVALVE 00000104-A;0
PIPEVALVE 00000105-A;0
PIPEVALVE 00000106-A;0
PIPEVALVE 00000107-A;0
PIPEVALVE 00000108-A;0
PIPEVALVE 00000109-A;0
PIPEVALVE 00000110;0
PIPEVALVE 00000111;0
PIPEVALVE 00000112;0
PIPEVALVE 00000113;0
PIPEVALVE 00000114;0
PIPEVALVE 00000115;0
PIPEVALVE 00000116-A;0
PIPEVALVE 00000117-A;0
PIPEVALVE 00000118-A;0
PIPEVALVE 00000119-A;0
PIPEVALVE 00000120-A;0
PIPEVALVE 00000121-A;0
PIPEVALVE 00000124-A;0
PIPEVALVE 00000125-A;0
PIPEVALVE 00000126-B;0
PIPEVALVE 00000127-B;0
PIPEVALVE 00000128-B;0
PIPEVALVE 00000129-B;0
PIPEVALVE 00000132-B;0
PIPEVALVE 00000133-B;0
PIPEVALVE 00000134-B;0
PIPEVALVE 00000135-B;0
PIPEVALVE 00000136-B;0
PIPEVALVE 00000137-B;0
PIPEVALVE 00000138-B;0
PIPEVALVE 00000139-A;0
PIPEVALVE 00000140-A;0
PIPEVALVE 00000141-A;0
PIPEVALVE 00000142;0
PIPEVALVE 00000143-A;0
PIPEVALVE 00000144-A;0
PIPEVALVE 00000145-A;0
PIPEVALVE 00000146-A;0
PIPEVALVE 00000147-A;0
PIPEVALVE 00000148-A;0
PIPEVALVE 00000149-A;0
PIPEVALVE 00000150-A;0
PIPEVALVE 00000151-A;0
PIPEVALVE 00000152-A;0
PIPEVALVE 00000153-A;0
PIPEVALVE 00000154-A;0
PIPEVALVE 00000155-A;0
PIPEVALVE 00000156-A;0
PIPEVALVE 00000157-A;0
PIPEVALVE 00000158-A;0
PIPEVALVE 00000159-A;0
PIPEVALVE 00000160-A;0
PIPEVALVE 00000161-A;0
PIPEVALVE 00000162-A;0
PIPEVALVE 00000163-A;0
PIPEVALVE 00000167-A;0
PIPEVALVE 00000195;0
PIPEVALVE 00000196;0
PIPEVALVE 00000201-A;0
PIPEVALVE 00000202-A;0
PIPEVALVE 00000205;0
PIPEVALVE 00000206;0
PIPEVALVE 00000209-A;0
PIPEVALVE 00000210-A;0
PIPEVALVE 00000213-A;0
PIPEVALVE 00000214-A;0
PIPE4E2567382FAB0029;0
PIPE4E25673BC55A002A;0
STS000C314FB3BC12EB16;0
STS000C324FB3BC153AF2;0
STS000C2050EC2E59F61C;1
STS000D51514872269E8F;0
STS000D525148722A4924;0
STS000D55514873537DA5;0
STS000D5651487357DB3B;0
STS000D5A514873F428F3;0
STS000A7D5996D2401380;1
STS000A7E5996EF9DB651;0
