"Produkt_Code","SDO_ID","Zeitstempel","Wert","Qualitaet_Niveau","Qualitaet_Byte"
"TMK_MN004","3379","20140101","-0.1","3","4"
"TMK_MN004","3379","20140102","3.7","3","4"
"TMK_MN004","3379","20140103","6","3","4"
"TMK_MN004","3379","20140104","6.3","3","4"
"TMK_MN004","3379","20140105","4.4","3","4"
"TMK_MN004","3379","20140106","4.6","3","4"
"TMK_MN004","3379","20140107","10.1","3","4"
"TMK_MN004","3379","20140108","9.3","3","4"
"TMK_MN004","3379","20140109","9.6","3","4"
"TMK_MN004","3379","20140110","4.5","3","4"
"TMK_MN004","3379","20140111","4.9","3","4"
"TMK_MN004","3379","20140112","3.8","3","4"
"TMK_MN004","3379","20140113","2.2","3","4"
"TMK_MN004","3379","20140114","2","3","4"
"TMK_MN004","3379","20140115","2.7","3","4"
"TMK_MN004","3379","20140116","5.4","3","4"
"TMK_MN004","3379","20140117","4.8","3","4"
"TMK_MN004","3379","20140118","1.3","3","4"
"TMK_MN004","3379","20140119","1.5","3","4"
"TMK_MN004","3379","20140120","1.8","3","4"
"TMK_MN004","3379","20140121","2.2","3","4"
"TMK_MN004","3379","20140122","3.6","3","4"
"TMK_MN004","3379","20140123","3.9","3","4"
"TMK_MN004","3379","20140124","2","3","4"
"TMK_MN004","3379","20140125","1.3","3","4"
"TMK_MN004","3379","20140126","1.3","3","4"
"TMK_MN004","3379","20140127","1.9","3","4"
"TMK_MN004","3379","20140128","0.2","3","4"
"TMK_MN004","3379","20140129","-0.9","3","4"
"TMK_MN004","3379","20140130","-2","3","4"
"TMK_MN004","3379","20140131","-0.3","3","4"
"TMK_MN004","3379","20140201","1.7","3","4"
"TMK_MN004","3379","20140202","1.3","3","4"
"TMK_MN004","3379","20140203","0.2","3","4"
"TMK_MN004","3379","20140204","1.3","3","4"
"TMK_MN004","3379","20140205","2","3","4"
"TMK_MN004","3379","20140206","6.7","3","4"
"TMK_MN004","3379","20140207","7","3","4"
"TMK_MN004","3379","20140208","6.9","3","4"
"TMK_MN004","3379","20140209","4.6","3","4"
"TMK_MN004","3379","20140210","4.1","3","4"
"TMK_MN004","3379","20140211","4.9","3","4"
"TMK_MN004","3379","20140212","2.5","3","4"
"TMK_MN004","3379","20140213","5.8","3","4"
"TMK_MN004","3379","20140214","5.1","3","4"
"TMK_MN004","3379","20140215","9.9","3","4"
"TMK_MN004","3379","20140216","5.2","3","4"
"TMK_MN004","3379","20140217","5.5","3","4"
"TMK_MN004","3379","20140218","4.8","3","4"
"TMK_MN004","3379","20140219","5.7","3","4"
"TMK_MN004","3379","20140220","6.7","3","4"
"TMK_MN004","3379","20140221","5.3","3","4"
"TMK_MN004","3379","20140222","4.6","3","4"
"TMK_MN004","3379","20140223","5.4","3","4"
"TMK_MN004","3379","20140224","4.7","3","4"
"TMK_MN004","3379","20140225","6.3","3","4"
"TMK_MN004","3379","20140226","6.2","3","4"
"TMK_MN004","3379","20140227","5.5","3","4"
"TMK_MN004","3379","20140228","6.2","3","4"
"TMK_MN004","3379","20140301","3.9","3","4"
"TMK_MN004","3379","20140302","4.3","3","4"
"TMK_MN004","3379","20140303","4.5","3","4"
"TMK_MN004","3379","20140304","5","3","4"
"TMK_MN004","3379","20140305","4.8","3","4"
"TMK_MN004","3379","20140306","4.8","3","4"
"TMK_MN004","3379","20140307","5.4","3","4"
"TMK_MN004","3379","20140308","7.6","3","4"
"TMK_MN004","3379","20140309","7.8","3","4"
"TMK_MN004","3379","20140310","7.1","3","4"
"TMK_MN004","3379","20140311","6.8","3","4"
"TMK_MN004","3379","20140312","8.4","3","4"
"TMK_MN004","3379","20140313","8.4","3","4"
"TMK_MN004","3379","20140314","10.5","3","4"
"TMK_MN004","3379","20140315","8.7","3","4"
"TMK_MN004","3379","20140316","9.1","3","4"
"TMK_MN004","3379","20140317","12.3","3","4"
"TMK_MN004","3379","20140318","13","3","4"
"TMK_MN004","3379","20140319","10.4","3","4"
"TMK_MN004","3379","20140320","13.1","3","4"
"TMK_MN004","3379","20140321","14.5","3","4"
"TMK_MN004","3379","20140322","10.9","3","4"
"TMK_MN004","3379","20140323","3.2","3","4"
"TMK_MN004","3379","20140324","3.4","3","4"
"TMK_MN004","3379","20140325","2.4","3","4"
"TMK_MN004","3379","20140326","4.1","3","4"
"TMK_MN004","3379","20140327","7.5","3","4"
"TMK_MN004","3379","20140328","9","3","4"
"TMK_MN004","3379","20140329","10.3","3","4"
"TMK_MN004","3379","20140330","12.1","3","4"
"TMK_MN004","3379","20140331","12.2","3","4"
"TMK_MN004","3379","20140401","12.6","3","4"
"TMK_MN004","3379","20140402","14.5","3","4"
"TMK_MN004","3379","20140403","15.4","3","4"
"TMK_MN004","3379","20140404","13.5","3","4"
"TMK_MN004","3379","20140405","12.9","3","4"
"TMK_MN004","3379","20140406","12.6","3","4"
"TMK_MN004","3379","20140407","15.8","3","4"
"TMK_MN004","3379","20140408","12.3","3","4"
"TMK_MN004","3379","20140409","8.9","3","4"
"TMK_MN004","3379","20140410","9","3","4"
"TMK_MN004","3379","20140411","10.8","3","4"
"TMK_MN004","3379","20140412","11.8","3","4"
"TMK_MN004","3379","20140413","12.7","3","4"
"TMK_MN004","3379","20140414","9.1","3","4"
"TMK_MN004","3379","20140415","4.5","3","4"
"TMK_MN004","3379","20140416","5","3","4"
"TMK_MN004","3379","20140417","6.5","3","4"
"TMK_MN004","3379","20140418","5.8","3","4"
"TMK_MN004","3379","20140419","7.9","3","4"
"TMK_MN004","3379","20140420","10.8","3","4"
"TMK_MN004","3379","20140421","11.3","3","4"
"TMK_MN004","3379","20140422","13.3","3","4"
"TMK_MN004","3379","20140423","13.6","3","4"
"TMK_MN004","3379","20140424","14.8","3","4"
"TMK_MN004","3379","20140425","15.4","3","4"
"TMK_MN004","3379","20140426","15.1","3","4"
"TMK_MN004","3379","20140427","10.1","3","4"
"TMK_MN004","3379","20140428","10.3","3","4"
"TMK_MN004","3379","20140429","11.2","3","4"
"TMK_MN004","3379","20140430","12.7","3","4"
"TMK_MN004","3379","20140501","13.5","3","4"
"TMK_MN004","3379","20140502","11.7","3","4"
"TMK_MN004","3379","20140503","5.7","3","4"
"TMK_MN004","3379","20140504","7.8","3","4"
"TMK_MN004","3379","20140505","10.5","3","4"
"TMK_MN004","3379","20140506","15.9","3","4"
"TMK_MN004","3379","20140507","12","3","4"
"TMK_MN004","3379","20140508","14.1","3","4"
"TMK_MN004","3379","20140509","14.9","3","4"
"TMK_MN004","3379","20140510","15.8","3","4"
"TMK_MN004","3379","20140511","12.7","3","4"
"TMK_MN004","3379","20140512","9.7","3","4"
"TMK_MN004","3379","20140513","8.7","3","4"
"TMK_MN004","3379","20140514","8.8","3","4"
"TMK_MN004","3379","20140515","8.7","3","4"
"TMK_MN004","3379","20140516","10","3","4"
"TMK_MN004","3379","20140517","10.5","3","4"
"TMK_MN004","3379","20140518","13.3","3","4"
"TMK_MN004","3379","20140519","16.3","3","4"
"TMK_MN004","3379","20140520","18","3","4"
"TMK_MN004","3379","20140521","20.3","3","4"
"TMK_MN004","3379","20140522","23.5","3","4"
"TMK_MN004","3379","20140523","15","3","4"
"TMK_MN004","3379","20140524","14.9","3","4"
"TMK_MN004","3379","20140525","18.1","3","4"
"TMK_MN004","3379","20140526","16.8","3","4"
"TMK_MN004","3379","20140527","13.3","3","4"
"TMK_MN004","3379","20140528","13.1","3","4"
"TMK_MN004","3379","20140529","12.8","3","4"
"TMK_MN004","3379","20140530","8.9","3","4"
"TMK_MN004","3379","20140531","12","3","4"
"TMK_MN004","3379","20140601","14.3","3","4"
"TMK_MN004","3379","20140602","14","3","4"
"TMK_MN004","3379","20140603","15.4","3","4"
"TMK_MN004","3379","20140604","15.7","3","4"
"TMK_MN004","3379","20140605","15.3","3","4"
"TMK_MN004","3379","20140606","19.2","3","4"
"TMK_MN004","3379","20140607","22.1","3","4"
"TMK_MN004","3379","20140608","23.8","3","4"
"TMK_MN004","3379","20140609","25","3","4"
"TMK_MN004","3379","20140610","26.1","3","4"
"TMK_MN004","3379","20140611","25.2","3","4"
"TMK_MN004","3379","20140612","23.5","3","4"
"TMK_MN004","3379","20140613","20.9","3","4"
"TMK_MN004","3379","20140614","17.3","3","4"
"TMK_MN004","3379","20140615","16.8","3","4"
"TMK_MN004","3379","20140616","16.8","3","4"
"TMK_MN004","3379","20140617","17.2","3","4"
"TMK_MN004","3379","20140618","18.5","3","4"
"TMK_MN004","3379","20140619","18.6","3","4"
"TMK_MN004","3379","20140620","13.8","3","4"
"TMK_MN004","3379","20140621","15.7","3","4"
"TMK_MN004","3379","20140622","18.6","3","4"
"TMK_MN004","3379","20140623","19.6","3","4"
"TMK_MN004","3379","20140624","17.2","3","4"
"TMK_MN004","3379","20140625","15.8","3","4"
"TMK_MN004","3379","20140626","16.3","3","4"
"TMK_MN004","3379","20140627","19.9","3","4"
"TMK_MN004","3379","20140628","21","3","4"
"TMK_MN004","3379","20140629","14.7","3","4"
"TMK_MN004","3379","20140630","13.2","3","4"
"TMK_MN004","3379","20140701","16.5","3","4"
"TMK_MN004","3379","20140702","14.6","3","4"
"TMK_MN004","3379","20140703","18.7","3","4"
"TMK_MN004","3379","20140704","22","3","4"
"TMK_MN004","3379","20140705","20.6","3","4"
"TMK_MN004","3379","20140706","23.9","3","4"
"TMK_MN004","3379","20140707","20.7","3","4"
"TMK_MN004","3379","20140708","15.9","3","4"
"TMK_MN004","3379","20140709","12.5","3","4"
"TMK_MN004","3379","20140710","13","3","4"
"TMK_MN004","3379","20140711","16.3","3","4"
"TMK_MN004","3379","20140712","17.2","3","4"
"TMK_MN004","3379","20140713","18.6","3","4"
"TMK_MN004","3379","20140714","19.4","3","4"
"TMK_MN004","3379","20140715","20.3","3","4"
"TMK_MN004","3379","20140716","21.7","3","4"
"TMK_MN004","3379","20140717","22.1","3","4"
"TMK_MN004","3379","20140718","22.9","3","4"
"TMK_MN004","3379","20140719","24.8","3","4"
"TMK_MN004","3379","20140720","24.3","3","4"
"TMK_MN004","3379","20140721","17.4","3","4"
"TMK_MN004","3379","20140722","18","3","4"
"TMK_MN004","3379","20140723","20.3","3","4"
"TMK_MN004","3379","20140724","19.8","3","4"
"TMK_MN004","3379","20140725","21","3","4"
"TMK_MN004","3379","20140726","20","3","4"
"TMK_MN004","3379","20140727","18.9","3","4"
"TMK_MN004","3379","20140728","21.1","3","4"
"TMK_MN004","3379","20140729","19.3","3","4"
"TMK_MN004","3379","20140730","17.9","3","4"
"TMK_MN004","3379","20140731","18.8","3","4"
"TMK_MN004","3379","20140801","19.5","3","4"
"TMK_MN004","3379","20140802","20.1","3","4"
"TMK_MN004","3379","20140803","20.2","3","4"
"TMK_MN004","3379","20140804","21.3","3","4"
"TMK_MN004","3379","20140805","17.7","3","4"
"TMK_MN004","3379","20140806","19","3","4"
"TMK_MN004","3379","20140807","19.1","3","4"
"TMK_MN004","3379","20140808","20.9","3","4"
"TMK_MN004","3379","20140809","20.8","3","4"
"TMK_MN004","3379","20140810","22.9","3","4"
"TMK_MN004","3379","20140811","17.3","3","4"
"TMK_MN004","3379","20140812","17.7","3","4"
"TMK_MN004","3379","20140813","15.5","3","4"
"TMK_MN004","3379","20140814","15.1","3","4"
"TMK_MN004","3379","20140815","14.7","3","4"
"TMK_MN004","3379","20140816","13.7","3","4"
"TMK_MN004","3379","20140817","16.5","3","4"
"TMK_MN004","3379","20140818","17.5","3","4"
"TMK_MN004","3379","20140819","16.3","3","4"
"TMK_MN004","3379","20140820","15","3","4"
"TMK_MN004","3379","20140821","15.1","3","4"
"TMK_MN004","3379","20140822","15.9","3","4"
"TMK_MN004","3379","20140823","15.8","3","4"
"TMK_MN004","3379","20140824","13.5","3","4"
"TMK_MN004","3379","20140825","14.6","3","4"
"TMK_MN004","3379","20140826","16.6","3","4"
"TMK_MN004","3379","20140827","15","3","4"
"TMK_MN004","3379","20140828","16.4","3","4"
"TMK_MN004","3379","20140829","18.2","3","4"
"TMK_MN004","3379","20140830","18.4","3","4"
"TMK_MN004","3379","20140831","13.7","3","4"
"TMK_MN004","3379","20140901","12.7","3","4"
"TMK_MN004","3379","20140902","14.1","3","4"
"TMK_MN004","3379","20140903","14.6","3","4"
"TMK_MN004","3379","20140904","16.7","3","4"
"TMK_MN004","3379","20140905","17","3","4"
"TMK_MN004","3379","20140906","18.7","3","4"
"TMK_MN004","3379","20140907","18.5","3","4"
"TMK_MN004","3379","20140908","19.7","3","4"
"TMK_MN004","3379","20140909","18.1","3","4"
"TMK_MN004","3379","20140910","16","3","4"
"TMK_MN004","3379","20140911","13.6","3","4"
"TMK_MN004","3379","20140912","11.2","3","4"
"TMK_MN004","3379","20140913","13.3","3","4"
"TMK_MN004","3379","20140914","15.1","3","4"
"TMK_MN004","3379","20140915","14.9","3","4"
"TMK_MN004","3379","20140916","15.1","3","4"
"TMK_MN004","3379","20140917","15.6","3","4"
"TMK_MN004","3379","20140918","18.2","3","4"
"TMK_MN004","3379","20140919","18.6","3","4"
"TMK_MN004","3379","20140920","17.3","3","4"
"TMK_MN004","3379","20140921","15.6","3","4"
"TMK_MN004","3379","20140922","10.8","3","4"
"TMK_MN004","3379","20140923","9.9","3","4"
"TMK_MN004","3379","20140924","12","3","4"
"TMK_MN004","3379","20140925","11.5","3","4"
"TMK_MN004","3379","20140926","13.1","3","4"
"TMK_MN004","3379","20140927","14.1","3","4"
"TMK_MN004","3379","20140928","12.9","3","4"
"TMK_MN004","3379","20140929","14.5","3","4"
"TMK_MN004","3379","20140930","15.3","3","4"
"TMK_MN004","3379","20141001","15.5","3","4"
"TMK_MN004","3379","20141002","14.2","3","4"
"TMK_MN004","3379","20141003","12.4","3","4"
"TMK_MN004","3379","20141004","10.3","3","4"
"TMK_MN004","3379","20141005","12.2","3","4"
"TMK_MN004","3379","20141006","11.7","3","4"
"TMK_MN004","3379","20141007","15.5","3","4"
"TMK_MN004","3379","20141008","15.9","3","4"
"TMK_MN004","3379","20141009","17.2","3","4"
"TMK_MN004","3379","20141010","16.8","3","4"
"TMK_MN004","3379","20141011","14.6","3","4"
"TMK_MN004","3379","20141012","13.5","3","4"
"TMK_MN004","3379","20141013","14.3","3","4"
"TMK_MN004","3379","20141014","14.8","3","4"
"TMK_MN004","3379","20141015","14.4","3","4"
"TMK_MN004","3379","20141016","15.4","3","4"
"TMK_MN004","3379","20141017","13.3","3","4"
"TMK_MN004","3379","20141018","12.9","3","4"
"TMK_MN004","3379","20141019","16.1","3","4"
"TMK_MN004","3379","20141020","17.4","3","4"
"TMK_MN004","3379","20141021","13.2","3","4"
"TMK_MN004","3379","20141022","5.2","3","4"
"TMK_MN004","3379","20141023","6.4","3","4"
"TMK_MN004","3379","20141024","8.3","3","4"
"TMK_MN004","3379","20141025","6.8","3","4"
"TMK_MN004","3379","20141026","9.5","3","4"
"TMK_MN004","3379","20141027","6.5","3","4"
"TMK_MN004","3379","20141028","5.8","3","4"
"TMK_MN004","3379","20141029","8.3","3","4"
"TMK_MN004","3379","20141030","8.7","3","4"
"TMK_MN004","3379","20141031","9.9","3","4"
"TMK_MN004","3379","20141101","9.6","3","4"
"TMK_MN004","3379","20141102","10.9","3","4"
"TMK_MN004","3379","20141103","11.4","3","4"
"TMK_MN004","3379","20141104","15.4","3","4"
"TMK_MN004","3379","20141105","8.5","3","4"
"TMK_MN004","3379","20141106","4","3","4"
"TMK_MN004","3379","20141107","6.3","3","4"
"TMK_MN004","3379","20141108","8.9","3","4"
"TMK_MN004","3379","20141109","7.2","3","4"
"TMK_MN004","3379","20141110","6.9","3","4"
"TMK_MN004","3379","20141111","7.1","3","4"
"TMK_MN004","3379","20141112","8.5","3","4"
"TMK_MN004","3379","20141113","8.5","3","4"
"TMK_MN004","3379","20141114","7.3","3","4"
"TMK_MN004","3379","20141115","7.2","3","4"
"TMK_MN004","3379","20141116","7.5","3","4"
"TMK_MN004","3379","20141117","4.1","3","4"
"TMK_MN004","3379","20141118","5.3","3","4"
"TMK_MN004","3379","20141119","6.1","3","4"
"TMK_MN004","3379","20141120","5.7","3","4"
"TMK_MN004","3379","20141121","5.1","3","4"
"TMK_MN004","3379","20141122","6.5","3","4"
"TMK_MN004","3379","20141123","2.9","3","4"
"TMK_MN004","3379","20141124","6.3","3","4"
"TMK_MN004","3379","20141125","5.4","3","4"
"TMK_MN004","3379","20141126","3.3","3","4"
"TMK_MN004","3379","20141127","3.3","3","4"
"TMK_MN004","3379","20141128","1.6","3","4"
"TMK_MN004","3379","20141129","1.1","3","4"
"TMK_MN004","3379","20141130","1.1","3","4"
"TMK_MN004","3379","20141201","2.4","3","4"
"TMK_MN004","3379","20141202","2.5","3","4"
"TMK_MN004","3379","20141203","2.1","3","4"
"TMK_MN004","3379","20141204","2.9","3","4"
"TMK_MN004","3379","20141205","2.5","3","4"
"TMK_MN004","3379","20141206","2.1","3","4"
"TMK_MN004","3379","20141207","2.9","3","4"
"TMK_MN004","3379","20141208","2.7","3","4"
"TMK_MN004","3379","20141209","-0.5","3","4"
"TMK_MN004","3379","20141210","0.9","3","4"
"TMK_MN004","3379","20141211","5.4","3","4"
"TMK_MN004","3379","20141212","7.1","3","4"
"TMK_MN004","3379","20141213","8.1","3","4"
"TMK_MN004","3379","20141214","9.7","3","4"
"TMK_MN004","3379","20141215","9","3","4"
"TMK_MN004","3379","20141216","6.9","3","4"
"TMK_MN004","3379","20141217","4.5","3","4"
"TMK_MN004","3379","20141218","8.7","3","4"
"TMK_MN004","3379","20141219","11.1","3","4"
"TMK_MN004","3379","20141220","5.8","3","4"
"TMK_MN004","3379","20141221","4.4","3","4"
"TMK_MN004","3379","20141222","7.1","3","4"
"TMK_MN004","3379","20141223","9.1","3","4"
"TMK_MN004","3379","20141224","6.4","3","4"
"TMK_MN004","3379","20141225","4.8","3","4"
"TMK_MN004","3379","20141226","0.1","3","4"
"TMK_MN004","3379","20141227","-0.5","3","4"
"TMK_MN004","3379","20141228","-3.3","3","4"
"TMK_MN004","3379","20141229","-7","3","4"
"TMK_MN004","3379","20141230","-2.7","3","4"
"TMK_MN004","3379","20141231","-0.6","3","4"
"TMK_MN004","3379","20150101","-2.9","3","4"
"TMK_MN004","3379","20150102","0.9","3","4"
"TMK_MN004","3379","20150103","2.9","3","4"
"TMK_MN004","3379","20150104","1.5","3","4"
"TMK_MN004","3379","20150105","1.7","3","4"
"TMK_MN004","3379","20150106","2.4","3","4"
"TMK_MN004","3379","20150107","1.9","3","4"
"TMK_MN004","3379","20150108","5.5","3","4"
"TMK_MN004","3379","20150109","7.9","3","4"
"TMK_MN004","3379","20150110","13.6","3","4"
"TMK_MN004","3379","20150111","3.8","3","4"
"TMK_MN004","3379","20150112","4.4","3","4"
"TMK_MN004","3379","20150113","7.9","3","4"
"TMK_MN004","3379","20150114","5.8","3","4"
"TMK_MN004","3379","20150115","4.2","3","4"
"TMK_MN004","3379","20150116","3.8","3","4"
"TMK_MN004","3379","20150117","1.6","3","4"
"TMK_MN004","3379","20150118","1.3","3","4"
"TMK_MN004","3379","20150119","1.3","3","4"
"TMK_MN004","3379","20150120","0.1","3","4"
"TMK_MN004","3379","20150121","0.2","3","4"
"TMK_MN004","3379","20150122","0","3","4"
"TMK_MN004","3379","20150123","-0.1","3","4"
"TMK_MN004","3379","20150124","0","3","4"
"TMK_MN004","3379","20150125","-0.2","3","4"
"TMK_MN004","3379","20150126","0.2","3","4"
"TMK_MN004","3379","20150127","0.6","3","4"
"TMK_MN004","3379","20150128","1.1","3","4"
"TMK_MN004","3379","20150129","2.2","3","4"
"TMK_MN004","3379","20150130","0.5","3","4"
"TMK_MN004","3379","20150131","0.9","3","4"
"TMK_MN004","3379","20150201","0.4","3","4"
"TMK_MN004","3379","20150202","-0.4","3","4"
"TMK_MN004","3379","20150203","-3","3","4"
"TMK_MN004","3379","20150204","-5.1","3","4"
"TMK_MN004","3379","20150205","-2.8","3","4"
"TMK_MN004","3379","20150206","-3.3","3","4"
"TMK_MN004","3379","20150207","-4.1","3","4"
"TMK_MN004","3379","20150208","-2.3","3","4"
"TMK_MN004","3379","20150209","-1.1","3","4"
"TMK_MN004","3379","20150210","1.8","3","4"
"TMK_MN004","3379","20150211","-0.6","3","4"
"TMK_MN004","3379","20150212","-0.6","3","4"
"TMK_MN004","3379","20150213","-1.4","3","4"
"TMK_MN004","3379","20150214","-2.1","3","0"
"TMK_MN004","3379","20150215","-1.1","3","0"
"TMK_MN004","3379","20150216","0","3","0"
"TMK_MN004","3379","20150217","-2.1","3","4"
"TMK_MN004","3379","20150218","-1.3","3","4"
"TMK_MN004","3379","20150219","-0.7","3","4"
"TMK_MN004","3379","20150220","4.1","3","0"
"TMK_MN004","3379","20150221","3.9","3","0"
"TMK_MN004","3379","20150222","1.4","3","0"
"TMK_MN004","3379","20150223","2.6","3","0"
"TMK_MN004","3379","20150224","3.6","3","0"
"TMK_MN004","3379","20150225","2.6","3","0"
"TMK_MN004","3379","20150226","2.2","3","0"
"TMK_MN004","3379","20150227","1.7","3","0"
"TMK_MN004","3379","20150228","2.1","3","0"
"TMK_MN004","3379","20150301","4.9","3","0"
"TMK_MN004","3379","20150302","5.6","3","0"
"TMK_MN004","3379","20150303","4.8","3","0"
"TMK_MN004","3379","20150304","3.4","3","0"
"TMK_MN004","3379","20150305","1.8","3","0"
"TMK_MN004","3379","20150306","2.8","3","0"
"TMK_MN004","3379","20150307","4.1","3","0"
"TMK_MN004","3379","20150308","5.5","3","0"
"TMK_MN004","3379","20150309","6.1","3","4"
"TMK_MN004","3379","20150310","7.2","3","0"
"TMK_MN004","3379","20150311","5.7","3","0"
"TMK_MN004","3379","20150312","3.9","3","0"
"TMK_MN004","3379","20150313","2.3","3","0"
"TMK_MN004","3379","20150314","3","3","0"
"TMK_MN004","3379","20150315","4.6","3","0"
"TMK_MN004","3379","20150316","6.9","3","0"
"TMK_MN004","3379","20150317","10.6","3","0"
"TMK_MN004","3379","20150318","8.5","3","0"
"TMK_MN004","3379","20150319","7.6","3","0"
"TMK_MN004","3379","20150320","6.8","3","0"
"TMK_MN004","3379","20150321","7.5","3","0"
"TMK_MN004","3379","20150322","4.1","3","0"
"TMK_MN004","3379","20150323","4.9","3","0"
"TMK_MN004","3379","20150324","8.6","3","0"
"TMK_MN004","3379","20150325","9.8","3","0"
"TMK_MN004","3379","20150326","6.6","3","0"
"TMK_MN004","3379","20150327","6.3","3","0"
"TMK_MN004","3379","20150328","7.9","3","0"
"TMK_MN004","3379","20150329","10","3","0"
"TMK_MN004","3379","20150330","7","3","0"
"TMK_MN004","3379","20150331","9.6","3","0"
"TMK_MN004","3379","20150401","3.3","3","0"
"TMK_MN004","3379","20150402","3.8","3","0"
"TMK_MN004","3379","20150403","5.6","3","0"
"TMK_MN004","3379","20150404","3.4","3","0"
"TMK_MN004","3379","20150405","3.4","3","0"
"TMK_MN004","3379","20150406","1.8","3","0"
"TMK_MN004","3379","20150407","3.7","3","4"
"TMK_MN004","3379","20150408","7.6","3","4"
"TMK_MN004","3379","20150409","10.8","3","4"
"TMK_MN004","3379","20150410","14.4","3","0"
"TMK_MN004","3379","20150411","13.8","3","0"
"TMK_MN004","3379","20150412","13.8","3","0"
"TMK_MN004","3379","20150413","13.4","3","0"
"TMK_MN004","3379","20150414","13.7","3","0"
"TMK_MN004","3379","20150415","17.3","3","0"
"TMK_MN004","3379","20150416","17.9","3","0"
"TMK_MN004","3379","20150417","12","3","0"
"TMK_MN004","3379","20150418","6.8","3","0"
"TMK_MN004","3379","20150419","8.3","3","0"
"TMK_MN004","3379","20150420","10.3","3","0"
"TMK_MN004","3379","20150421","13","3","0"
"TMK_MN004","3379","20150422","13.1","3","0"
"TMK_MN004","3379","20150423","7.6","3","0"
"TMK_MN004","3379","20150424","11.6","3","0"
"TMK_MN004","3379","20150425","14.3","3","0"
"TMK_MN004","3379","20150426","15.5","3","0"
"TMK_MN004","3379","20150427","16.9","3","0"
"TMK_MN004","3379","20150428","8.5","3","0"
"TMK_MN004","3379","20150429","9.6","3","0"
"TMK_MN004","3379","20150430","11","3","0"
"TMK_MN004","3379","20150501","9.5","3","0"
"TMK_MN004","3379","20150502","10.9","3","0"
"TMK_MN004","3379","20150503","13.9","3","0"
"TMK_MN004","3379","20150504","17.5","3","0"
"TMK_MN004","3379","20150505","20.1","3","0"
"TMK_MN004","3379","20150506","12.9","3","0"
"TMK_MN004","3379","20150507","14","3","0"
"TMK_MN004","3379","20150508","16.3","3","0"
"TMK_MN004","3379","20150509","14.4","3","0"
"TMK_MN004","3379","20150510","14.7","3","0"
"TMK_MN004","3379","20150511","16.5","3","0"
"TMK_MN004","3379","20150512","21","3","0"
"TMK_MN004","3379","20150513","18.6","3","0"
"TMK_MN004","3379","20150514","15.2","3","0"
"TMK_MN004","3379","20150515","12.6","3","0"
"TMK_MN004","3379","20150516","14.7","3","0"
"TMK_MN004","3379","20150517","14.3","3","0"
"TMK_MN004","3379","20150518","17.6","3","0"
"TMK_MN004","3379","20150519","14.2","3","0"
"TMK_MN004","3379","20150520","7.9","3","0"
"TMK_MN004","3379","20150521","9","3","0"
"TMK_MN004","3379","20150522","10.9","3","0"
"TMK_MN004","3379","20150523","11","3","0"
"TMK_MN004","3379","20150524","11.9","3","0"
"TMK_MN004","3379","20150525","13.6","3","0"
"TMK_MN004","3379","20150526","11.7","3","0"
"TMK_MN004","3379","20150527","10","3","0"
"TMK_MN004","3379","20150528","14.2","3","0"
"TMK_MN004","3379","20150529","17.7","3","0"
"TMK_MN004","3379","20150530","16.1","3","0"
"TMK_MN004","3379","20150531","17.2","3","0"
"TMK_MN004","3379","20150601","19.7","3","0"
"TMK_MN004","3379","20150602","20.3","3","0"
"TMK_MN004","3379","20150603","23","3","0"
"TMK_MN004","3379","20150604","21.8","3","0"
"TMK_MN004","3379","20150605","22.7","3","0"
"TMK_MN004","3379","20150606","23.7","3","0"
"TMK_MN004","3379","20150607","22.2","3","0"
"TMK_MN004","3379","20150608","16.9","3","0"
"TMK_MN004","3379","20150609","12.8","3","0"
"TMK_MN004","3379","20150610","15.5","3","0"
"TMK_MN004","3379","20150611","18.8","3","0"
"TMK_MN004","3379","20150612","22.9","3","0"
"TMK_MN004","3379","20150613","21.6","3","0"
"TMK_MN004","3379","20150614","20","3","0"
"TMK_MN004","3379","20150615","15.6","3","0"
"TMK_MN004","3379","20150616","16.2","3","0"
"TMK_MN004","3379","20150617","15.2","3","0"
"TMK_MN004","3379","20150618","15.1","3","0"
"TMK_MN004","3379","20150619","13.7","3","0"
"TMK_MN004","3379","20150620","12","3","0"
"TMK_MN004","3379","20150621","13.8","3","0"
"TMK_MN004","3379","20150622","15.6","3","0"
"TMK_MN004","3379","20150623","13.5","3","0"
"TMK_MN004","3379","20150624","14.7","3","0"
"TMK_MN004","3379","20150625","16.4","3","0"
"TMK_MN004","3379","20150626","19.3","3","0"
"TMK_MN004","3379","20150627","19.1","3","0"
"TMK_MN004","3379","20150628","18.5","3","0"
"TMK_MN004","3379","20150629","20.3","3","0"
"TMK_MN004","3379","20150630","22.6","3","0"
"TMK_MN004","3379","20150701","23.4","3","0"
"TMK_MN004","3379","20150702","24.1","3","0"
"TMK_MN004","3379","20150703","25.4","3","0"
"TMK_MN004","3379","20150704","27.3","3","0"
"TMK_MN004","3379","20150705","29.5","3","0"
"TMK_MN004","3379","20150706","25.2","3","0"
"TMK_MN004","3379","20150707","28.4","3","0"
"TMK_MN004","3379","20150708","19.4","3","0"
"TMK_MN004","3379","20150709","16.9","3","0"
"TMK_MN004","3379","20150710","17.2","3","0"
"TMK_MN004","3379","20150711","21.2","3","0"
"TMK_MN004","3379","20150712","23.4","3","0"
"TMK_MN004","3379","20150713","18.6","3","0"
"TMK_MN004","3379","20150714","21.7","3","0"
"TMK_MN004","3379","20150715","23.3","3","0"
"TMK_MN004","3379","20150716","26","3","0"
"TMK_MN004","3379","20150717","27.4","3","0"
"TMK_MN004","3379","20150718","24.5","3","0"
"TMK_MN004","3379","20150719","24.8","3","0"
"TMK_MN004","3379","20150720","23.8","3","0"
"TMK_MN004","3379","20150721","26.2","3","0"
"TMK_MN004","3379","20150722","26","3","0"
"TMK_MN004","3379","20150723","22.2","3","0"
"TMK_MN004","3379","20150724","24.2","3","0"
"TMK_MN004","3379","20150725","21","3","0"
"TMK_MN004","3379","20150726","17.8","3","0"
"TMK_MN004","3379","20150727","19.2","3","0"
"TMK_MN004","3379","20150728","19.3","3","0"
"TMK_MN004","3379","20150729","15.9","3","0"
"TMK_MN004","3379","20150730","17.1","3","0"
"TMK_MN004","3379","20150731","18.8","3","0"
"TMK_MN004","3379","20150801","18.4","3","0"
"TMK_MN004","3379","20150802","19.5","3","0"
"TMK_MN004","3379","20150803","22.3","3","0"
"TMK_MN004","3379","20150804","24.1","3","0"
"TMK_MN004","3379","20150805","23.8","3","0"
"TMK_MN004","3379","20150806","26.6","3","0"
"TMK_MN004","3379","20150807","27.6","3","0"
"TMK_MN004","3379","20150808","27.5","3","0"
"TMK_MN004","3379","20150809","26.5","3","0"
"TMK_MN004","3379","20150810","25.1","3","0"
"TMK_MN004","3379","20150811","25.1","3","0"
"TMK_MN004","3379","20150812","26.1","3","0"
"TMK_MN004","3379","20150813","27.6","3","0"
"TMK_MN004","3379","20150814","23.9","3","0"
"TMK_MN004","3379","20150815","19.8","3","0"
"TMK_MN004","3379","20150816","16.7","3","0"
"TMK_MN004","3379","20150817","15.2","3","0"
"TMK_MN004","3379","20150818","17.3","3","0"
"TMK_MN004","3379","20150819","15.7","3","0"
"TMK_MN004","3379","20150820","16.2","3","0"
"TMK_MN004","3379","20150821","16.5","3","0"
"TMK_MN004","3379","20150822","18.1","3","0"
"TMK_MN004","3379","20150823","18.7","3","0"
"TMK_MN004","3379","20150824","20.2","3","0"
"TMK_MN004","3379","20150825","16.5","3","0"
"TMK_MN004","3379","20150826","18.6","3","0"
"TMK_MN004","3379","20150827","23.3","3","0"
"TMK_MN004","3379","20150828","24.5","3","0"
"TMK_MN004","3379","20150829","24","3","0"
"TMK_MN004","3379","20150830","25.6","3","0"
"TMK_MN004","3379","20150831","26.2","3","0"
"TMK_MN004","3379","20150901","22.8","3","0"
"TMK_MN004","3379","20150902","14.8","3","0"
"TMK_MN004","3379","20150903","15","3","0"
"TMK_MN004","3379","20150904","15.5","3","0"
"TMK_MN004","3379","20150905","13.6","3","0"
"TMK_MN004","3379","20150906","11.4","3","0"
"TMK_MN004","3379","20150907","11.7","3","0"
"TMK_MN004","3379","20150908","13.7","3","0"
"TMK_MN004","3379","20150909","13.2","3","0"
"TMK_MN004","3379","20150910","10.8","3","0"
"TMK_MN004","3379","20150911","13.7","3","0"
"TMK_MN004","3379","20150912","17.8","3","0"
"TMK_MN004","3379","20150913","19.5","3","0"
"TMK_MN004","3379","20150914","15.4","3","0"
"TMK_MN004","3379","20150915","16.1","3","0"
"TMK_MN004","3379","20150916","21.6","3","0"
"TMK_MN004","3379","20150917","18.7","3","0"
"TMK_MN004","3379","20150918","15.4","3","0"
"TMK_MN004","3379","20150919","14.5","3","0"
"TMK_MN004","3379","20150920","12.7","3","0"
"TMK_MN004","3379","20150921","13.5","3","0"
"TMK_MN004","3379","20150922","14.1","3","0"
"TMK_MN004","3379","20150923","11","3","0"
"TMK_MN004","3379","20150924","10.9","3","0"
"TMK_MN004","3379","20150925","12.9","3","0"
"TMK_MN004","3379","20150926","13.5","3","0"
"TMK_MN004","3379","20150927","12.7","3","0"
"TMK_MN004","3379","20150928","10.5","3","0"
"TMK_MN004","3379","20150929","10.5","3","0"
"TMK_MN004","3379","20150930","9.8","3","0"
"TMK_MN004","3379","20151001","10.2","3","0"
"TMK_MN004","3379","20151002","11.4","3","0"
"TMK_MN004","3379","20151003","14.2","3","0"
"TMK_MN004","3379","20151004","10.7","3","0"
"TMK_MN004","3379","20151005","12.7","3","0"
"TMK_MN004","3379","20151006","16.3","3","0"
"TMK_MN004","3379","20151007","13.4","3","0"
"TMK_MN004","3379","20151008","12.7","3","0"
"TMK_MN004","3379","20151009","11.8","3","0"
"TMK_MN004","3379","20151010","10.1","3","0"
"TMK_MN004","3379","20151011","8.6","3","0"
"TMK_MN004","3379","20151012","5.9","3","0"
"TMK_MN004","3379","20151013","6.8","3","0"
"TMK_MN004","3379","20151014","6.5","3","0"
"TMK_MN004","3379","20151015","4.8","3","0"
"TMK_MN004","3379","20151016","4.8","3","0"
"TMK_MN004","3379","20151017","6","3","0"
"TMK_MN004","3379","20151018","6.5","3","0"
"TMK_MN004","3379","20151019","5.8","3","0"
"TMK_MN004","3379","20151020","5.6","3","0"
"TMK_MN004","3379","20151021","7.4","3","0"
"TMK_MN004","3379","20151022","8.8","3","0"
"TMK_MN004","3379","20151023","9.7","3","0"
"TMK_MN004","3379","20151024","10","3","0"
"TMK_MN004","3379","20151025","10.4","3","0"
"TMK_MN004","3379","20151026","7.9","3","0"
"TMK_MN004","3379","20151027","7.5","3","0"
"TMK_MN004","3379","20151028","7.7","3","0"
"TMK_MN004","3379","20151029","8.6","3","0"
"TMK_MN004","3379","20151030","8.4","3","0"
"TMK_MN004","3379","20151031","8.4","3","0"
"TMK_MN004","3379","20151101","5.1","3","0"
"TMK_MN004","3379","20151102","4.2","3","0"
"TMK_MN004","3379","20151103","4.4","3","0"
"TMK_MN004","3379","20151104","11","3","0"
"TMK_MN004","3379","20151105","10.5","3","0"
"TMK_MN004","3379","20151106","13","3","0"
"TMK_MN004","3379","20151107","14.4","3","0"
"TMK_MN004","3379","20151108","14.6","3","0"
"TMK_MN004","3379","20151109","15","3","0"
"TMK_MN004","3379","20151110","14.9","3","0"
"TMK_MN004","3379","20151111","11.8","3","0"
"TMK_MN004","3379","20151112","8.9","3","0"
"TMK_MN004","3379","20151113","9.4","3","0"
"TMK_MN004","3379","20151114","8.9","3","0"
"TMK_MN004","3379","20151115","13.9","3","0"
"TMK_MN004","3379","20151116","14.6","3","0"
"TMK_MN004","3379","20151117","12","3","0"
"TMK_MN004","3379","20151118","14.6","3","0"
"TMK_MN004","3379","20151119","13.9","3","0"
"TMK_MN004","3379","20151120","9.8","3","0"
"TMK_MN004","3379","20151121","2.9","3","0"
"TMK_MN004","3379","20151122","0.7","3","0"
"TMK_MN004","3379","20151123","0.6","3","0"
"TMK_MN004","3379","20151124","-0.2","3","0"
"TMK_MN004","3379","20151125","2.4","3","0"
"TMK_MN004","3379","20151126","2.2","3","0"
"TMK_MN004","3379","20151127","0.5","3","0"
"TMK_MN004","3379","20151128","1.5","3","0"
"TMK_MN004","3379","20151129","5.5","3","0"
"TMK_MN004","3379","20151130","9.6","3","0"
"TMK_MN004","3379","20151201","9","3","0"
"TMK_MN004","3379","20151202","8","3","0"
"TMK_MN004","3379","20151203","5.3","3","0"
"TMK_MN004","3379","20151204","5.4","3","0"
"TMK_MN004","3379","20151205","7.9","3","0"
"TMK_MN004","3379","20151206","7.8","3","0"
"TMK_MN004","3379","20151207","7.7","3","0"
"TMK_MN004","3379","20151208","3.4","3","0"
"TMK_MN004","3379","20151209","4","3","0"
"TMK_MN004","3379","20151210","2","3","0"
"TMK_MN004","3379","20151211","3","3","0"
"TMK_MN004","3379","20151212","6.9","3","0"
"TMK_MN004","3379","20151213","4","3","0"
"TMK_MN004","3379","20151214","2.5","3","0"
"TMK_MN004","3379","20151215","5.9","3","0"
"TMK_MN004","3379","20151216","7","3","0"
"TMK_MN004","3379","20151217","9.1","3","0"
"TMK_MN004","3379","20151218","7.9","3","0"
"TMK_MN004","3379","20151219","6.3","3","0"
"TMK_MN004","3379","20151220","4.2","3","0"
"TMK_MN004","3379","20151221","6.7","3","0"
"TMK_MN004","3379","20151222","10","3","0"
"TMK_MN004","3379","20151223","9.4","3","0"
"TMK_MN004","3379","20151224","7.4","3","0"
"TMK_MN004","3379","20151225","9.9","3","0"
"TMK_MN004","3379","20151226","7.3","3","0"
"TMK_MN004","3379","20151227","6.1","3","0"
"TMK_MN004","3379","20151228","2.9","3","0"
"TMK_MN004","3379","20151229","0.1","3","0"
"TMK_MN004","3379","20151230","1.7","3","0"
"TMK_MN004","3379","20151231","2.1","3","0"
"TMK_MN004","3379","20160101","3.8","3","0"
"TMK_MN004","3379","20160102","0.8","3","0"
"TMK_MN004","3379","20160103","0.3","3","0"
"TMK_MN004","3379","20160104","2.2","3","0"
"TMK_MN004","3379","20160105","3.9","3","0"
"TMK_MN004","3379","20160106","4.1","3","0"
"TMK_MN004","3379","20160107","4.2","3","0"
"TMK_MN004","3379","20160108","5.6","3","0"
"TMK_MN004","3379","20160109","6.3","3","0"
"TMK_MN004","3379","20160110","5.8","3","0"
"TMK_MN004","3379","20160111","5.8","3","0"
"TMK_MN004","3379","20160112","4.2","3","0"
"TMK_MN004","3379","20160113","2.8","3","0"
"TMK_MN004","3379","20160114","1.9","3","0"
"TMK_MN004","3379","20160115","0.6","3","0"
"TMK_MN004","3379","20160116","-0.8","3","0"
"TMK_MN004","3379","20160117","-2.5","3","0"
"TMK_MN004","3379","20160118","-5.2","3","0"
"TMK_MN004","3379","20160119","-4.8","3","0"
"TMK_MN004","3379","20160120","-2","3","0"
"TMK_MN004","3379","20160121","-2.5","3","0"
"TMK_MN004","3379","20160122","-6.3","3","0"
"TMK_MN004","3379","20160123","1.4","3","0"
"TMK_MN004","3379","20160124","2.7","3","0"
"TMK_MN004","3379","20160125","6.6","3","0"
"TMK_MN004","3379","20160126","8.5","3","0"
"TMK_MN004","3379","20160127","9.9","3","0"
"TMK_MN004","3379","20160128","10.1","3","0"
"TMK_MN004","3379","20160129","7.3","3","0"
"TMK_MN004","3379","20160130","7.1","3","0"
"TMK_MN004","3379","20160131","3.2","3","0"
"TMK_MN004","3379","20160201","11.6","3","0"
"TMK_MN004","3379","20160202","9.5","3","0"
"TMK_MN004","3379","20160203","3.6","3","0"
"TMK_MN004","3379","20160204","2","3","0"
"TMK_MN004","3379","20160205","4.3","3","0"
"TMK_MN004","3379","20160206","6.8","3","0"
"TMK_MN004","3379","20160207","9.2","3","0"
"TMK_MN004","3379","20160208","8.7","3","0"
"TMK_MN004","3379","20160209","8.4","3","0"
"TMK_MN004","3379","20160210","3","3","0"
"TMK_MN004","3379","20160211","2.7","3","0"
"TMK_MN004","3379","20160212","2.4","3","0"
"TMK_MN004","3379","20160213","4.9","3","0"
"TMK_MN004","3379","20160214","6.3","3","0"
"TMK_MN004","3379","20160215","4.4","3","0"
"TMK_MN004","3379","20160216","2.4","3","0"
"TMK_MN004","3379","20160217","1.9","3","0"
"TMK_MN004","3379","20160218","2.9","3","0"
"TMK_MN004","3379","20160219","2.5","3","0"
"TMK_MN004","3379","20160220","3.3","3","0"
"TMK_MN004","3379","20160221","11.6","3","0"
"TMK_MN004","3379","20160222","13.5","3","0"
"TMK_MN004","3379","20160223","6.6","3","0"
"TMK_MN004","3379","20160224","2.6","3","0"
"TMK_MN004","3379","20160225","0.7","3","0"
"TMK_MN004","3379","20160226","1.1","3","0"
"TMK_MN004","3379","20160227","1.5","3","0"
"TMK_MN004","3379","20160228","2.5","3","0"
"TMK_MN004","3379","20160229","2.2","3","0"
"TMK_MN004","3379","20160301","-0.1","3","0"
"TMK_MN004","3379","20160302","4.2","3","0"
"TMK_MN004","3379","20160303","2.4","3","0"
"TMK_MN004","3379","20160304","4","3","0"
"TMK_MN004","3379","20160305","3.9","3","0"
"TMK_MN004","3379","20160306","2.5","3","0"
"TMK_MN004","3379","20160307","1.9","3","0"
"TMK_MN004","3379","20160308","1.2","3","0"
"TMK_MN004","3379","20160309","0.8","3","0"
"TMK_MN004","3379","20160310","2.7","3","0"
"TMK_MN004","3379","20160311","3.7","3","0"
"TMK_MN004","3379","20160312","4.5","3","0"
"TMK_MN004","3379","20160313","3.9","3","0"
"TMK_MN004","3379","20160314","3.5","3","0"
"TMK_MN004","3379","20160315","0.3","3","0"
"TMK_MN004","3379","20160316","2.2","3","0"
"TMK_MN004","3379","20160317","4.5","3","0"
"TMK_MN004","3379","20160318","6.5","3","0"
"TMK_MN004","3379","20160319","6.3","3","0"
"TMK_MN004","3379","20160320","4.7","3","0"
"TMK_MN004","3379","20160321","5.1","3","0"
"TMK_MN004","3379","20160322","6.1","3","0"
"TMK_MN004","3379","20160323","5.1","3","0"
"TMK_MN004","3379","20160324","5.2","3","0"
"TMK_MN004","3379","20160325","5.5","3","0"
"TMK_MN004","3379","20160326","7.2","3","0"
"TMK_MN004","3379","20160327","8.1","3","0"
"TMK_MN004","3379","20160328","10.1","3","0"
"TMK_MN004","3379","20160329","10.1","3","0"
"TMK_MN004","3379","20160330","11.9","3","0"
"TMK_MN004","3379","20160331","15.3","3","0"
"TMK_MN004","3379","20160401","9.3","3","0"
"TMK_MN004","3379","20160402","10.7","3","0"
"TMK_MN004","3379","20160403","15.6","3","0"
"TMK_MN004","3379","20160404","16.6","3","0"
"TMK_MN004","3379","20160405","14.9","3","0"
"TMK_MN004","3379","20160406","10.8","3","0"
"TMK_MN004","3379","20160407","8.9","3","0"
"TMK_MN004","3379","20160408","6.5","3","0"
"TMK_MN004","3379","20160409","7.2","3","0"
"TMK_MN004","3379","20160410","9.5","3","0"
"TMK_MN004","3379","20160411","10.2","3","0"
"TMK_MN004","3379","20160412","11.1","3","0"
"TMK_MN004","3379","20160413","11.3","3","0"
"TMK_MN004","3379","20160414","9.8","3","0"
"TMK_MN004","3379","20160415","9.8","3","0"
"TMK_MN004","3379","20160416","12.5","3","0"
"TMK_MN004","3379","20160417","9.1","3","0"
"TMK_MN004","3379","20160418","8.1","3","0"
"TMK_MN004","3379","20160419","9.3","3","0"
"TMK_MN004","3379","20160420","10.4","3","0"
"TMK_MN004","3379","20160421","11.5","3","0"
"TMK_MN004","3379","20160422","13.6","3","0"
"TMK_MN004","3379","20160423","10","3","0"
"TMK_MN004","3379","20160424","3.6","3","0"
"TMK_MN004","3379","20160425","2.9","3","0"
"TMK_MN004","3379","20160426","3.9","3","0"
"TMK_MN004","3379","20160427","3","3","0"
"TMK_MN004","3379","20160428","5.4","3","0"
"TMK_MN004","3379","20160429","8.9","3","0"
"TMK_MN004","3379","20160430","12.4","3","0"
"TMK_MN004","3379","20160501","9.8","3","0"
"TMK_MN004","3379","20160502","10.8","3","0"
"TMK_MN004","3379","20160503","10.7","3","0"
"TMK_MN004","3379","20160504","9.4","3","0"
"TMK_MN004","3379","20160505","10.4","3","0"
"TMK_MN004","3379","20160506","14.8","3","0"
"TMK_MN004","3379","20160507","16.4","3","0"
"TMK_MN004","3379","20160508","16.7","3","0"
"TMK_MN004","3379","20160509","17.5","3","0"
"TMK_MN004","3379","20160510","15.8","3","0"
"TMK_MN004","3379","20160511","16.1","3","0"
"TMK_MN004","3379","20160512","12.1","3","0"
"TMK_MN004","3379","20160513","11.1","3","0"
"TMK_MN004","3379","20160514","11.2","3","0"
"TMK_MN004","3379","20160515","7.7","3","0"
"TMK_MN004","3379","20160516","6.8","3","0"
"TMK_MN004","3379","20160517","8.8","3","0"
"TMK_MN004","3379","20160518","13.4","3","0"
"TMK_MN004","3379","20160519","10.5","3","0"
"TMK_MN004","3379","20160520","12.8","3","0"
"TMK_MN004","3379","20160521","16.6","3","0"
"TMK_MN004","3379","20160522","20.4","3","0"
"TMK_MN004","3379","20160523","10.4","3","0"
"TMK_MN004","3379","20160524","9.1","3","0"
"TMK_MN004","3379","20160525","13","3","0"
"TMK_MN004","3379","20160526","17.8","3","0"
"TMK_MN004","3379","20160527","19.9","3","0"
"TMK_MN004","3379","20160528","19","3","0"
"TMK_MN004","3379","20160529","18.2","3","0"
"TMK_MN004","3379","20160530","15.6","3","0"
"TMK_MN004","3379","20160531","14.3","3","0"
"TMK_MN004","3379","20160601","15.7","3","0"
"TMK_MN004","3379","20160602","14.7","3","0"
"TMK_MN004","3379","20160603","15.5","3","0"
"TMK_MN004","3379","20160604","16.4","3","0"
"TMK_MN004","3379","20160605","16.1","3","0"
"TMK_MN004","3379","20160606","19","3","0"
"TMK_MN004","3379","20160607","19.6","3","0"
"TMK_MN004","3379","20160608","16.6","3","0"
"TMK_MN004","3379","20160609","14.7","3","0"
"TMK_MN004","3379","20160610","16.6","3","0"
"TMK_MN004","3379","20160611","15.2","3","0"
"TMK_MN004","3379","20160612","16.1","3","0"
"TMK_MN004","3379","20160613","16","3","0"
"TMK_MN004","3379","20160614","15.1","3","0"
"TMK_MN004","3379","20160615","15.7","3","0"
"TMK_MN004","3379","20160616","16.3","3","0"
"TMK_MN004","3379","20160617","14.7","3","0"
"TMK_MN004","3379","20160618","16.2","3","0"
"TMK_MN004","3379","20160619","13.5","3","0"
"TMK_MN004","3379","20160620","16.5","3","0"
"TMK_MN004","3379","20160621","18.7","3","0"
"TMK_MN004","3379","20160622","22.1","3","0"
"TMK_MN004","3379","20160623","24","3","0"
"TMK_MN004","3379","20160624","24.4","3","0"
"TMK_MN004","3379","20160625","21.8","3","0"
"TMK_MN004","3379","20160626","15.8","3","0"
"TMK_MN004","3379","20160627","17.5","3","0"
"TMK_MN004","3379","20160628","20.5","3","0"
"TMK_MN004","3379","20160629","21.6","3","0"
"TMK_MN004","3379","20160630","19.7","3","0"
"TMK_MN004","3379","20160701","21.8","3","0"
"TMK_MN004","3379","20160702","19.2","3","0"
"TMK_MN004","3379","20160703","16.6","3","0"
"TMK_MN004","3379","20160704","18.9","3","0"
"TMK_MN004","3379","20160705","20.9","3","0"
"TMK_MN004","3379","20160706","18.3","3","0"
"TMK_MN004","3379","20160707","19.3","3","0"
"TMK_MN004","3379","20160708","22.1","3","0"
"TMK_MN004","3379","20160709","23","3","0"
"TMK_MN004","3379","20160710","25.1","3","0"
"TMK_MN004","3379","20160711","26.6","3","0"
"TMK_MN004","3379","20160712","18.3","3","0"
"TMK_MN004","3379","20160713","14.7","3","0"
"TMK_MN004","3379","20160714","12.5","3","0"
"TMK_MN004","3379","20160715","13.7","3","0"
"TMK_MN004","3379","20160716","16.1","3","0"
"TMK_MN004","3379","20160717","18.9","3","0"
"TMK_MN004","3379","20160718","22","3","0"
"TMK_MN004","3379","20160719","22.7","3","0"
"TMK_MN004","3379","20160720","24","3","0"
"TMK_MN004","3379","20160721","21.3","3","0"
"TMK_MN004","3379","20160722","21.1","3","0"
"TMK_MN004","3379","20160723","20.6","3","0"
"TMK_MN004","3379","20160724","22.2","3","0"
"TMK_MN004","3379","20160725","21.2","3","0"
"TMK_MN004","3379","20160726","20.2","3","0"
"TMK_MN004","3379","20160727","20.3","3","0"
"TMK_MN004","3379","20160728","20.4","3","0"
"TMK_MN004","3379","20160729","21.4","3","0"
"TMK_MN004","3379","20160730","23.7","3","0"
"TMK_MN004","3379","20160731","19.6","3","0"
"TMK_MN004","3379","20160801","18.4","3","0"
"TMK_MN004","3379","20160802","18.6","3","0"
"TMK_MN004","3379","20160803","22.3","3","0"
"TMK_MN004","3379","20160804","23.4","3","0"
"TMK_MN004","3379","20160805","14.4","3","0"
"TMK_MN004","3379","20160806","17","3","0"
"TMK_MN004","3379","20160807","18.3","3","0"
"TMK_MN004","3379","20160808","21.2","3","0"
"TMK_MN004","3379","20160809","15.7","3","0"
"TMK_MN004","3379","20160810","12.5","3","0"
"TMK_MN004","3379","20160811","13.9","3","0"
"TMK_MN004","3379","20160812","14.2","3","0"
"TMK_MN004","3379","20160813","19.7","3","0"
"TMK_MN004","3379","20160814","21.3","3","0"
"TMK_MN004","3379","20160815","20.6","3","0"
"TMK_MN004","3379","20160816","20.7","3","0"
"TMK_MN004","3379","20160817","19.1","3","0"
"TMK_MN004","3379","20160818","18.3","3","0"
"TMK_MN004","3379","20160819","19.2","3","0"
"TMK_MN004","3379","20160820","20.7","3","0"
"TMK_MN004","3379","20160821","16.1","3","0"
"TMK_MN004","3379","20160822","16.9","3","0"
"TMK_MN004","3379","20160823","19.3","3","0"
"TMK_MN004","3379","20160824","20.7","3","0"
"TMK_MN004","3379","20160825","20.6","3","0"
"TMK_MN004","3379","20160826","22.4","3","0"
"TMK_MN004","3379","20160827","23.3","3","0"
"TMK_MN004","3379","20160828","24.6","3","0"
"TMK_MN004","3379","20160829","19.8","3","0"
"TMK_MN004","3379","20160830","18.9","3","0"
"TMK_MN004","3379","20160831","19.2","3","0"
"TMK_MN004","3379","20160901","19.5","3","0"
"TMK_MN004","3379","20160902","20.2","3","0"
"TMK_MN004","3379","20160903","20.2","3","0"
"TMK_MN004","3379","20160904","20.3","3","0"
"TMK_MN004","3379","20160905","16","3","0"
"TMK_MN004","3379","20160906","17.2","3","0"
"TMK_MN004","3379","20160907","18.3","3","0"
"TMK_MN004","3379","20160908","20.7","3","0"
"TMK_MN004","3379","20160909","21.2","3","0"
"TMK_MN004","3379","20160910","20.7","3","0"
"TMK_MN004","3379","20160911","21.5","3","0"
"TMK_MN004","3379","20160912","21.4","3","0"
"TMK_MN004","3379","20160913","21.2","3","0"
"TMK_MN004","3379","20160914","20.6","3","0"
"TMK_MN004","3379","20160915","21.3","3","0"
"TMK_MN004","3379","20160916","17.9","3","0"
"TMK_MN004","3379","20160917","13.3","3","0"
"TMK_MN004","3379","20160918","13.5","3","0"
"TMK_MN004","3379","20160919","12.1","3","0"
"TMK_MN004","3379","20160920","12.1","3","0"
"TMK_MN004","3379","20160921","10.2","3","0"
"TMK_MN004","3379","20160922","12.2","3","0"
"TMK_MN004","3379","20160923","13.6","3","0"
"TMK_MN004","3379","20160924","13.8","3","0"
"TMK_MN004","3379","20160925","14.3","3","0"
"TMK_MN004","3379","20160926","15.2","3","0"
"TMK_MN004","3379","20160927","13.1","3","0"
"TMK_MN004","3379","20160928","15.3","3","0"
"TMK_MN004","3379","20160929","18.3","3","0"
"TMK_MN004","3379","20160930","18","3","0"
"TMK_MN004","3379","20161001","16.3","3","0"
"TMK_MN004","3379","20161002","12.6","3","0"
"TMK_MN004","3379","20161003","10.8","3","0"
"TMK_MN004","3379","20161004","8.9","3","0"
"TMK_MN004","3379","20161005","7.2","3","0"
"TMK_MN004","3379","20161006","7","3","0"
"TMK_MN004","3379","20161007","8.4","3","0"
"TMK_MN004","3379","20161008","7.6","3","0"
"TMK_MN004","3379","20161009","7.2","3","0"
"TMK_MN004","3379","20161010","6.1","3","0"
"TMK_MN004","3379","20161011","5.9","3","0"
"TMK_MN004","3379","20161012","6","3","0"
"TMK_MN004","3379","20161013","5.9","3","0"
"TMK_MN004","3379","20161014","10.2","3","0"
"TMK_MN004","3379","20161015","13.7","3","0"
"TMK_MN004","3379","20161016","12.7","3","0"
"TMK_MN004","3379","20161017","11.5","3","0"
"TMK_MN004","3379","20161018","11.2","3","0"
"TMK_MN004","3379","20161019","9.1","3","0"
"TMK_MN004","3379","20161020","8.5","3","0"
"TMK_MN004","3379","20161021","6.3","3","0"
"TMK_MN004","3379","20161022","6.9","3","0"
"TMK_MN004","3379","20161023","8.3","3","0"
"TMK_MN004","3379","20161024","13.2","3","0"
"TMK_MN004","3379","20161025","12.4","3","0"
"TMK_MN004","3379","20161026","10.5","3","0"
"TMK_MN004","3379","20161027","7.6","3","0"
"TMK_MN004","3379","20161028","7.6","3","0"
"TMK_MN004","3379","20161029","8.6","3","0"
"TMK_MN004","3379","20161030","7.2","3","0"
"TMK_MN004","3379","20161031","7.4","3","0"
"TMK_MN004","3379","20161101","4.7","3","0"
"TMK_MN004","3379","20161102","7","3","0"
"TMK_MN004","3379","20161103","4.4","3","0"
"TMK_MN004","3379","20161104","4.8","3","0"
"TMK_MN004","3379","20161105","10.5","3","0"
"TMK_MN004","3379","20161106","3.7","3","0"
"TMK_MN004","3379","20161107","2.5","3","0"
"TMK_MN004","3379","20161108","2","3","0"
"TMK_MN004","3379","20161109","3","3","0"
"TMK_MN004","3379","20161110","5.4","3","0"
"TMK_MN004","3379","20161111","3.7","3","0"
"TMK_MN004","3379","20161112","1.1","3","0"
"TMK_MN004","3379","20161113","-0.3","3","0"
"TMK_MN004","3379","20161114","-0.8","3","0"
"TMK_MN004","3379","20161115","2.6","3","0"
"TMK_MN004","3379","20161116","8.2","3","0"
"TMK_MN004","3379","20161117","9.4","3","0"
"TMK_MN004","3379","20161118","10","3","0"
"TMK_MN004","3379","20161119","6.2","3","0"
"TMK_MN004","3379","20161120","5.5","3","0"
"TMK_MN004","3379","20161121","11.3","3","0"
"TMK_MN004","3379","20161122","10.5","3","0"
"TMK_MN004","3379","20161123","7.4","3","0"
"TMK_MN004","3379","20161124","5.4","3","0"
"TMK_MN004","3379","20161125","5.8","3","0"
"TMK_MN004","3379","20161126","5.9","3","0"
"TMK_MN004","3379","20161127","5.1","3","0"
"TMK_MN004","3379","20161128","-0.5","3","0"
"TMK_MN004","3379","20161129","-2.2","3","0"
"TMK_MN004","3379","20161130","0.3","3","0"
"TMK_MN004","3379","20161201","3.5","3","0"
"TMK_MN004","3379","20161202","3","3","0"
"TMK_MN004","3379","20161203","-0.8","3","0"
"TMK_MN004","3379","20161204","-1.8","3","0"
"TMK_MN004","3379","20161205","-1.4","3","0"
"TMK_MN004","3379","20161206","-1.4","3","0"
"TMK_MN004","3379","20161207","-2.3","3","0"
"TMK_MN004","3379","20161208","1.3","3","0"
"TMK_MN004","3379","20161209","3.8","3","0"
"TMK_MN004","3379","20161210","3.5","3","0"
"TMK_MN004","3379","20161211","3.9","3","0"
"TMK_MN004","3379","20161212","3.8","3","0"
"TMK_MN004","3379","20161213","1.9","3","0"
"TMK_MN004","3379","20161214","5.2","3","0"
"TMK_MN004","3379","20161215","2.2","3","0"
"TMK_MN004","3379","20161216","0.4","3","0"
"TMK_MN004","3379","20161217","-0.7","3","0"
"TMK_MN004","3379","20161218","1.1","3","0"
"TMK_MN004","3379","20161219","0.6","3","0"
"TMK_MN004","3379","20161220","-1.4","3","0"
"TMK_MN004","3379","20161221","-1.4","3","0"
"TMK_MN004","3379","20161222","-0.8","3","0"
"TMK_MN004","3379","20161223","1.8","3","0"
"TMK_MN004","3379","20161224","5.4","3","0"
"TMK_MN004","3379","20161225","7.9","3","0"
"TMK_MN004","3379","20161226","9","3","0"
"TMK_MN004","3379","20161227","2.7","3","0"
"TMK_MN004","3379","20161228","2.9","3","0"
"TMK_MN004","3379","20161229","0.7","3","0"
"TMK_MN004","3379","20161230","-3.6","3","0"
"TMK_MN004","3379","20161231","-3.5","3","0"
"TMK_MN004","3379","20170101","-3.3","3","0"
"TMK_MN004","3379","20170102","-2.4","3","0"
"TMK_MN004","3379","20170103","-0.9","3","0"
"TMK_MN004","3379","20170104","0.4","3","0"
"TMK_MN004","3379","20170105","-3.3","3","0"
"TMK_MN004","3379","20170106","-9.3","3","0"
"TMK_MN004","3379","20170107","-8.4","3","0"
"TMK_MN004","3379","20170108","-2.3","3","0"
"TMK_MN004","3379","20170109","-1.3","3","0"
"TMK_MN004","3379","20170110","-2.4","3","0"
"TMK_MN004","3379","20170111","-0.4","3","0"
"TMK_MN004","3379","20170112","3.4","3","0"
"TMK_MN004","3379","20170113","1.5","3","0"
"TMK_MN004","3379","20170114","-0.6","3","0"
"TMK_MN004","3379","20170115","-2.1","3","0"
"TMK_MN004","3379","20170116","-3.5","3","0"
"TMK_MN004","3379","20170117","-5.8","3","0"
"TMK_MN004","3379","20170118","-5.2","3","0"
"TMK_MN004","3379","20170119","-6","3","0"
"TMK_MN004","3379","20170120","-7.3","3","0"
"TMK_MN004","3379","20170121","-8.4","3","0"
"TMK_MN004","3379","20170122","-10.2","3","0"
"TMK_MN004","3379","20170123","-9.8","3","0"
"TMK_MN004","3379","20170124","-8.2","3","0"
"TMK_MN004","3379","20170125","-6.6","3","0"
"TMK_MN004","3379","20170126","-3.9","3","0"
"TMK_MN004","3379","20170127","-4.6","3","0"
"TMK_MN004","3379","20170128","-4.3","3","0"
"TMK_MN004","3379","20170129","-1.6","3","0"
"TMK_MN004","3379","20170130","0.9","3","0"
"TMK_MN004","3379","20170131","4.4","3","0"
"TMK_MN004","3379","20170201","2.1","3","0"
"TMK_MN004","3379","20170202","3.1","3","0"
"TMK_MN004","3379","20170203","3.4","3","0"
"TMK_MN004","3379","20170204","6.6","3","0"
"TMK_MN004","3379","20170205","5.1","3","0"
"TMK_MN004","3379","20170206","2.5","3","0"
"TMK_MN004","3379","20170207","3.2","3","0"
"TMK_MN004","3379","20170208","1.2","3","0"
"TMK_MN004","3379","20170209","-1.3","3","0"
"TMK_MN004","3379","20170210","-1.3","3","0"
"TMK_MN004","3379","20170211","0.6","3","0"
"TMK_MN004","3379","20170212","-0.8","3","0"
"TMK_MN004","3379","20170213","0.1","3","0"
"TMK_MN004","3379","20170214","0.9","3","0"
"TMK_MN004","3379","20170215","3.1","3","0"
"TMK_MN004","3379","20170216","6.1","3","0"
"TMK_MN004","3379","20170217","4.2","3","0"
"TMK_MN004","3379","20170218","3.3","3","0"
"TMK_MN004","3379","20170219","2.7","3","0"
"TMK_MN004","3379","20170220","6.5","3","0"
"TMK_MN004","3379","20170221","8.4","3","0"
"TMK_MN004","3379","20170222","10.1","3","0"
"TMK_MN004","3379","20170223","13.3","3","0"
"TMK_MN004","3379","20170224","5.2","3","0"
"TMK_MN004","3379","20170225","3.9","3","0"
"TMK_MN004","3379","20170226","6","3","0"
"TMK_MN004","3379","20170227","7.7","3","0"
"TMK_MN004","3379","20170228","4.4","3","0"
"TMK_MN004","3379","20170301","5.4","3","0"
"TMK_MN004","3379","20170302","7.5","3","0"
"TMK_MN004","3379","20170303","7.2","3","0"
"TMK_MN004","3379","20170304","12.6","3","0"
"TMK_MN004","3379","20170305","7.2","3","0"
"TMK_MN004","3379","20170306","5.8","3","0"
"TMK_MN004","3379","20170307","3.9","3","0"
"TMK_MN004","3379","20170308","5.6","3","0"
"TMK_MN004","3379","20170309","8.7","3","0"
"TMK_MN004","3379","20170310","5.7","3","0"
"TMK_MN004","3379","20170311","4.9","3","0"
"TMK_MN004","3379","20170312","4.9","3","0"
"TMK_MN004","3379","20170313","4.8","3","0"
"TMK_MN004","3379","20170314","7.9","3","0"
"TMK_MN004","3379","20170315","8.3","3","0"
"TMK_MN004","3379","20170316","8","3","0"
"TMK_MN004","3379","20170317","12.2","3","0"
"TMK_MN004","3379","20170318","8.8","3","0"
"TMK_MN004","3379","20170319","11.5","3","0"
"TMK_MN004","3379","20170320","11.5","3","0"
"TMK_MN004","3379","20170321","11.1","3","0"
"TMK_MN004","3379","20170322","7.2","3","0"
"TMK_MN004","3379","20170323","9.4","3","0"
"TMK_MN004","3379","20170324","6.7","3","0"
"TMK_MN004","3379","20170325","8.6","3","0"
"TMK_MN004","3379","20170326","7.7","3","0"
"TMK_MN004","3379","20170327","8.5","3","0"
"TMK_MN004","3379","20170328","11.2","3","0"
"TMK_MN004","3379","20170329","13.6","3","0"
"TMK_MN004","3379","20170330","13.7","3","0"
"TMK_MN004","3379","20170331","15.1","3","0"
"TMK_MN004","3379","20170401","15.7","3","0"
"TMK_MN004","3379","20170402","13.8","3","0"
"TMK_MN004","3379","20170403","11.5","3","0"
"TMK_MN004","3379","20170404","8.7","3","0"
"TMK_MN004","3379","20170405","9.1","3","0"
"TMK_MN004","3379","20170406","6.9","3","0"
"TMK_MN004","3379","20170407","9.1","3","0"
"TMK_MN004","3379","20170408","11.5","3","0"
"TMK_MN004","3379","20170409","14.4","3","0"
"TMK_MN004","3379","20170410","16.6","3","0"
"TMK_MN004","3379","20170411","9.7","3","0"
"TMK_MN004","3379","20170412","12.1","3","0"
"TMK_MN004","3379","20170413","11.9","3","0"
"TMK_MN004","3379","20170414","10.3","3","0"
"TMK_MN004","3379","20170415","10.9","3","0"
"TMK_MN004","3379","20170416","6.1","3","0"
"TMK_MN004","3379","20170417","5.3","3","0"
"TMK_MN004","3379","20170418","1.8","3","0"
"TMK_MN004","3379","20170419","1.6","3","0"
"TMK_MN004","3379","20170420","2.2","3","0"
"TMK_MN004","3379","20170421","6.1","3","0"
"TMK_MN004","3379","20170422","7.2","3","0"
"TMK_MN004","3379","20170423","5.6","3","0"
"TMK_MN004","3379","20170424","9","3","0"
"TMK_MN004","3379","20170425","10.5","3","0"
"TMK_MN004","3379","20170426","3","3","0"
"TMK_MN004","3379","20170427","2.5","3","0"
"TMK_MN004","3379","20170428","1.9","3","0"
"TMK_MN004","3379","20170429","6.8","3","0"
"TMK_MN004","3379","20170430","9.5","3","0"
"TMK_MN004","3379","20170501","6.7","3","0"
"TMK_MN004","3379","20170502","9.6","3","0"
"TMK_MN004","3379","20170503","10.6","3","0"
"TMK_MN004","3379","20170504","10.4","3","0"
"TMK_MN004","3379","20170505","10.8","3","0"
"TMK_MN004","3379","20170506","14","3","0"
"TMK_MN004","3379","20170507","10.6","3","0"
"TMK_MN004","3379","20170508","9.3","3","0"
"TMK_MN004","3379","20170509","7.7","3","0"
"TMK_MN004","3379","20170510","10.4","3","0"
"TMK_MN004","3379","20170511","16.4","3","0"
"TMK_MN004","3379","20170512","16.7","3","0"
"TMK_MN004","3379","20170513","16.4","3","0"
"TMK_MN004","3379","20170514","14.9","3","0"
"TMK_MN004","3379","20170515","14","3","0"
"TMK_MN004","3379","20170516","15.6","3","0"
"TMK_MN004","3379","20170517","18.4","3","0"
"TMK_MN004","3379","20170518","20.1","3","0"
"TMK_MN004","3379","20170519","15.7","3","0"
"TMK_MN004","3379","20170520","12.5","3","0"
"TMK_MN004","3379","20170521","14.1","3","0"
"TMK_MN004","3379","20170522","16.6","3","0"
"TMK_MN004","3379","20170523","19","3","0"
"TMK_MN004","3379","20170524","16.4","3","0"
"TMK_MN004","3379","20170525","15.2","3","0"
"TMK_MN004","3379","20170526","16.7","3","0"
"TMK_MN004","3379","20170527","19.4","3","0"
"TMK_MN004","3379","20170528","20.7","3","0"
"TMK_MN004","3379","20170529","23.2","3","0"
"TMK_MN004","3379","20170530","23.1","3","0"
"TMK_MN004","3379","20170531","21.4","3","0"
"TMK_MN004","3379","20170601","20.8","3","0"
"TMK_MN004","3379","20170602","20.8","3","0"
"TMK_MN004","3379","20170603","22.6","3","0"
"TMK_MN004","3379","20170604","16.9","3","0"
"TMK_MN004","3379","20170605","16.2","3","0"
"TMK_MN004","3379","20170606","14","3","0"
"TMK_MN004","3379","20170607","12.3","3","0"
"TMK_MN004","3379","20170608","15.6","3","0"
"TMK_MN004","3379","20170609","18.8","3","0"
"TMK_MN004","3379","20170610","17.5","3","0"
"TMK_MN004","3379","20170611","21.1","3","0"
"TMK_MN004","3379","20170612","22.5","3","0"
"TMK_MN004","3379","20170613","20.1","3","0"
"TMK_MN004","3379","20170614","19.3","3","0"
"TMK_MN004","3379","20170615","22.7","3","0"
"TMK_MN004","3379","20170616","20.9","3","0"
"TMK_MN004","3379","20170617","17.3","3","0"
"TMK_MN004","3379","20170618","18.7","3","0"
"TMK_MN004","3379","20170619","21.7","3","0"
"TMK_MN004","3379","20170620","25.4","3","0"
"TMK_MN004","3379","20170621","25.6","3","0"
"TMK_MN004","3379","20170622","26.8","3","0"
"TMK_MN004","3379","20170623","26.9","3","0"
"TMK_MN004","3379","20170624","23.1","3","0"
"TMK_MN004","3379","20170625","19.7","3","0"
"TMK_MN004","3379","20170626","23.8","3","0"
"TMK_MN004","3379","20170627","21.4","3","0"
"TMK_MN004","3379","20170628","21.2","3","0"
"TMK_MN004","3379","20170629","17.2","3","0"
"TMK_MN004","3379","20170630","18.3","3","0"
"TMK_MN004","3379","20170701","17.9","3","0"
"TMK_MN004","3379","20170702","15.3","3","0"
"TMK_MN004","3379","20170703","17.9","3","0"
"TMK_MN004","3379","20170704","20.2","3","0"
"TMK_MN004","3379","20170705","23","3","0"
"TMK_MN004","3379","20170706","24.9","3","0"
"TMK_MN004","3379","20170707","24.3","3","0"
"TMK_MN004","3379","20170708","23.8","3","0"
"TMK_MN004","3379","20170709","22","3","0"
"TMK_MN004","3379","20170710","21.6","3","0"
"TMK_MN004","3379","20170711","20.4","3","0"
"TMK_MN004","3379","20170712","20.2","3","0"
"TMK_MN004","3379","20170713","17.6","3","0"
"TMK_MN004","3379","20170714","16.6","3","0"
"TMK_MN004","3379","20170715","15.2","3","0"
"TMK_MN004","3379","20170716","18.1","3","0"
"TMK_MN004","3379","20170717","21","3","0"
"TMK_MN004","3379","20170718","23.5","3","0"
"TMK_MN004","3379","20170719","25.9","3","0"
"TMK_MN004","3379","20170720","22","3","0"
"TMK_MN004","3379","20170721","22.3","3","0"
"TMK_MN004","3379","20170722","22.9","3","0"
"TMK_MN004","3379","20170723","19.1","3","0"
"TMK_MN004","3379","20170724","15.9","3","0"
"TMK_MN004","3379","20170725","13.5","3","0"
"TMK_MN004","3379","20170726","13.1","3","0"
"TMK_MN004","3379","20170727","16.4","3","0"
"TMK_MN004","3379","20170728","17.4","3","0"
"TMK_MN004","3379","20170729","21.3","3","0"
"TMK_MN004","3379","20170730","23.3","3","0"
"TMK_MN004","3379","20170731","24.2","3","0"
"TMK_MN004","3379","20170801","26.1","3","0"
"TMK_MN004","3379","20170802","24.3","3","0"
"TMK_MN004","3379","20170803","25.9","3","0"
"TMK_MN004","3379","20170804","24.2","3","0"
"TMK_MN004","3379","20170805","23.8","3","0"
"TMK_MN004","3379","20170806","17.1","3","0"
"TMK_MN004","3379","20170807","18.3","3","0"
"TMK_MN004","3379","20170808","19.9","3","0"
"TMK_MN004","3379","20170809","19.3","3","0"
"TMK_MN004","3379","20170810","15.1","3","0"
"TMK_MN004","3379","20170811","12.8","3","0"
"TMK_MN004","3379","20170812","14.8","3","0"
"TMK_MN004","3379","20170813","18.3","3","0"
"TMK_MN004","3379","20170814","20.3","3","0"
"TMK_MN004","3379","20170815","23","3","0"
"TMK_MN004","3379","20170816","20.6","3","0"
"TMK_MN004","3379","20170817","22.3","3","0"
"TMK_MN004","3379","20170818","23.5","3","0"
"TMK_MN004","3379","20170819","16.8","3","0"
"TMK_MN004","3379","20170820","16.1","3","0"
"TMK_MN004","3379","20170821","15.5","3","0"
"TMK_MN004","3379","20170822","15.9","3","0"
"TMK_MN004","3379","20170823","18.8","3","0"
"TMK_MN004","3379","20170824","21.9","3","0"
"TMK_MN004","3379","20170825","22.4","3","0"
"TMK_MN004","3379","20170826","24.5","3","0"
"TMK_MN004","3379","20170827","21.4","3","0"
"TMK_MN004","3379","20170828","20","3","0"
"TMK_MN004","3379","20170829","20.8","3","0"
"TMK_MN004","3379","20170830","23.1","3","0"
"TMK_MN004","3379","20170831","19","3","0"
"TMK_MN004","3379","20170901","13.3","3","0"
"TMK_MN004","3379","20170902","11.7","3","0"
"TMK_MN004","3379","20170903","11.9","3","0"
"TMK_MN004","3379","20170904","13.6","3","0"
"TMK_MN004","3379","20170905","17.2","3","0"
"TMK_MN004","3379","20170906","17.9","3","0"
"TMK_MN004","3379","20170907","14.4","3","0"
"TMK_MN004","3379","20170908","15","3","0"
"TMK_MN004","3379","20170909","13.7","3","0"
"TMK_MN004","3379","20170910","12.1","3","0"
"TMK_MN004","3379","20170911","13.9","3","0"
"TMK_MN004","3379","20170912","12.3","3","0"
"TMK_MN004","3379","20170913","15.1","3","0"
"TMK_MN004","3379","20170914","13","3","0"
"TMK_MN004","3379","20170915","12","3","0"
"TMK_MN004","3379","20170916","10.3","3","0"
"TMK_MN004","3379","20170917","10.7","3","0"
"TMK_MN004","3379","20170918","10.6","3","0"
"TMK_MN004","3379","20170919","10.2","3","0"
"TMK_MN004","3379","20170920","10.1","3","0"
"TMK_MN004","3379","20170921","11.7","3","0"
"TMK_MN004","3379","20170922","11.2","3","0"
"TMK_MN004","3379","20170923","13.3","3","0"
"TMK_MN004","3379","20170924","13.4","3","0"
"TMK_MN004","3379","20170925","12.4","3","0"
"TMK_MN004","3379","20170926","13","3","0"
"TMK_MN004","3379","20170927","14.4","3","0"
"TMK_MN004","3379","20170928","14.5","3","0"
"TMK_MN004","3379","20170929","15.4","3","0"
"TMK_MN004","3379","20170930","16.2","3","0"
"TMK_MN004","3379","20171001","12.2","3","0"
"TMK_MN004","3379","20171002","14","3","0"
"TMK_MN004","3379","20171003","12.6","3","0"
"TMK_MN004","3379","20171004","11.7","3","0"
"TMK_MN004","3379","20171005","14.8","3","0"
"TMK_MN004","3379","20171006","8.5","3","0"
"TMK_MN004","3379","20171007","10","3","0"
"TMK_MN004","3379","20171008","9.9","3","0"
"TMK_MN004","3379","20171009","10.4","3","0"
"TMK_MN004","3379","20171010","11.6","3","0"
"TMK_MN004","3379","20171011","13","3","0"
"TMK_MN004","3379","20171012","14.3","3","0"
"TMK_MN004","3379","20171013","13","3","0"
"TMK_MN004","3379","20171014","13","3","0"
"TMK_MN004","3379","20171015","13.3","3","0"
"TMK_MN004","3379","20171016","15.3","3","0"
"TMK_MN004","3379","20171017","13.9","3","0"
"TMK_MN004","3379","20171018","13.2","3","0"
"TMK_MN004","3379","20171019","13.3","3","0"
"TMK_MN004","3379","20171020","15.3","3","0"
"TMK_MN004","3379","20171021","15.3","3","0"
"TMK_MN004","3379","20171022","9.3","3","0"
"TMK_MN004","3379","20171023","7.8","3","0"
"TMK_MN004","3379","20171024","10.5","3","0"
"TMK_MN004","3379","20171025","13.2","3","0"
"TMK_MN004","3379","20171026","13.7","3","0"
"TMK_MN004","3379","20171027","10.4","3","0"
"TMK_MN004","3379","20171028","8.2","3","0"
"TMK_MN004","3379","20171029","7.8","3","0"
"TMK_MN004","3379","20171030","5","3","0"
"TMK_MN004","3379","20171031","4.1","3","0"
"TMK_MN004","3379","20171101","6.5","3","0"
"TMK_MN004","3379","20171102","10.2","3","0"
"TMK_MN004","3379","20171103","9.4","3","0"
"TMK_MN004","3379","20171104","8.9","3","0"
"TMK_MN004","3379","20171105","7.6","3","0"
"TMK_MN004","3379","20171106","4.8","3","0"
"TMK_MN004","3379","20171107","5.7","3","0"
"TMK_MN004","3379","20171108","5.7","3","0"
"TMK_MN004","3379","20171109","6.3","3","0"
"TMK_MN004","3379","20171110","6.1","3","0"
"TMK_MN004","3379","20171111","6.1","3","0"
"TMK_MN004","3379","20171112","5.3","3","0"
"TMK_MN004","3379","20171113","2.7","3","0"
"TMK_MN004","3379","20171114","0.5","3","0"
"TMK_MN004","3379","20171115","0.4","3","0"
"TMK_MN004","3379","20171116","0.1","3","0"
"TMK_MN004","3379","20171117","1.9","3","0"
"TMK_MN004","3379","20171118","3.4","3","0"
"TMK_MN004","3379","20171119","2.9","3","0"
"TMK_MN004","3379","20171120","3.5","3","0"
"TMK_MN004","3379","20171121","8.1","3","0"
"TMK_MN004","3379","20171122","9.8","3","0"
"TMK_MN004","3379","20171123","9.2","3","0"
"TMK_MN004","3379","20171124","11.4","3","0"
"TMK_MN004","3379","20171125","6.3","3","0"
"TMK_MN004","3379","20171126","1.5","3","0"
"TMK_MN004","3379","20171127","2.8","3","0"
"TMK_MN004","3379","20171128","4.9","3","0"
"TMK_MN004","3379","20171129","3.4","3","0"
"TMK_MN004","3379","20171130","0.4","3","0"
"TMK_MN004","3379","20171201","-0.2","3","0"
"TMK_MN004","3379","20171202","-0.9","3","0"
"TMK_MN004","3379","20171203","-1.4","3","0"
"TMK_MN004","3379","20171204","0.7","3","0"
"TMK_MN004","3379","20171205","3","3","0"
"TMK_MN004","3379","20171206","1.2","3","0"
"TMK_MN004","3379","20171207","3.5","3","0"
"TMK_MN004","3379","20171208","3","3","0"
"TMK_MN004","3379","20171209","-1.4","3","0"
"TMK_MN004","3379","20171210","-0.2","3","0"
"TMK_MN004","3379","20171211","5","3","0"
"TMK_MN004","3379","20171212","2.9","3","0"
"TMK_MN004","3379","20171213","1.9","3","0"
"TMK_MN004","3379","20171214","4.2","3","0"
"TMK_MN004","3379","20171215","3.3","3","0"
"TMK_MN004","3379","20171216","1.5","3","0"
"TMK_MN004","3379","20171217","0.3","3","0"
"TMK_MN004","3379","20171218","0.3","3","0"
"TMK_MN004","3379","20171219","0.7","3","0"
"TMK_MN004","3379","20171220","1.5","3","0"
"TMK_MN004","3379","20171221","2.9","3","0"
"TMK_MN004","3379","20171222","5.1","3","0"
"TMK_MN004","3379","20171223","5.8","3","0"
"TMK_MN004","3379","20171224","3.5","3","0"
"TMK_MN004","3379","20171225","0.1","3","0"
"TMK_MN004","3379","20171226","2.4","3","0"
"TMK_MN004","3379","20171227","0.5","3","0"
"TMK_MN004","3379","20171228","0.5","3","0"
"TMK_MN004","3379","20171229","-0.4","3","0"
"TMK_MN004","3379","20171230","5.3","3","0"
"TMK_MN004","3379","20171231","10.1","3","0"
"TMK_MN004","3379","20180101","6.2","3","0"
"TMK_MN004","3379","20180102","4.4","3","0"
"TMK_MN004","3379","20180103","5.4","3","0"
"TMK_MN004","3379","20180104","6.8","3","0"
"TMK_MN004","3379","20180105","9.7","3","0"
"TMK_MN004","3379","20180106","7","3","0"
"TMK_MN004","3379","20180107","3.1","3","0"
"TMK_MN004","3379","20180108","5.1","3","0"
"TMK_MN004","3379","20180109","6.9","3","0"
"TMK_MN004","3379","20180110","3.9","3","0"
"TMK_MN004","3379","20180111","2.1","3","0"
"TMK_MN004","3379","20180112","2.8","3","0"
"TMK_MN004","3379","20180113","2.1","3","0"
"TMK_MN004","3379","20180114","0.2","3","0"
"TMK_MN004","3379","20180115","1.9","3","0"
"TMK_MN004","3379","20180116","5.3","3","0"
"TMK_MN004","3379","20180117","1.4","3","0"
"TMK_MN004","3379","20180118","4.8","3","0"
"TMK_MN004","3379","20180119","3.3","3","0"
"TMK_MN004","3379","20180120","1.7","3","0"
"TMK_MN004","3379","20180121","0.5","3","0"
"TMK_MN004","3379","20180122","2.5","3","0"
"TMK_MN004","3379","20180123","4.5","3","0"
"TMK_MN004","3379","20180124","7","3","0"
"TMK_MN004","3379","20180125","7.7","3","0"
"TMK_MN004","3379","20180126","4.9","3","0"
"TMK_MN004","3379","20180127","5.2","3","0"
"TMK_MN004","3379","20180128","7.7","3","0"
"TMK_MN004","3379","20180129","8.1","3","0"
"TMK_MN004","3379","20180130","6.7","3","0"
"TMK_MN004","3379","20180131","8.4","3","0"
"TMK_MN004","3379","20180201","3.6","3","0"
"TMK_MN004","3379","20180202","2.3","3","0"
"TMK_MN004","3379","20180203","1.2","3","0"
"TMK_MN004","3379","20180204","0","3","0"
"TMK_MN004","3379","20180205","-1.2","3","0"
"TMK_MN004","3379","20180206","-0.8","3","0"
"TMK_MN004","3379","20180207","-2.3","3","0"
"TMK_MN004","3379","20180208","-1.1","3","0"
"TMK_MN004","3379","20180209","-0.3","3","0"
"TMK_MN004","3379","20180210","0.8","3","0"
"TMK_MN004","3379","20180211","1.5","3","0"
"TMK_MN004","3379","20180212","1","3","0"
"TMK_MN004","3379","20180213","-1.3","3","0"
"TMK_MN004","3379","20180214","-2.4","3","0"
"TMK_MN004","3379","20180215","-1.1","3","0"
"TMK_MN004","3379","20180216","3.3","3","0"
"TMK_MN004","3379","20180217","0.1","3","0"
"TMK_MN004","3379","20180218","-0.7","3","0"
"TMK_MN004","3379","20180219","-2.6","3","0"
"TMK_MN004","3379","20180220","-2.3","3","0"
"TMK_MN004","3379","20180221","-1.7","3","0"
"TMK_MN004","3379","20180222","-2.9","3","0"
"TMK_MN004","3379","20180223","-2.8","3","0"
"TMK_MN004","3379","20180224","-2.8","3","0"
"TMK_MN004","3379","20180225","-7.6","3","0"
"TMK_MN004","3379","20180226","-10.4","3","0"
"TMK_MN004","3379","20180227","-9.9","3","0"
"TMK_MN004","3379","20180228","-10","3","0"
"TMK_MN004","3379","20180301","-7.9","3","0"
"TMK_MN004","3379","20180302","-5.6","3","0"
"TMK_MN004","3379","20180303","-0.3","3","0"
"TMK_MN004","3379","20180304","4","3","0"
"TMK_MN004","3379","20180305","4.3","3","0"
"TMK_MN004","3379","20180306","2.2","3","0"
"TMK_MN004","3379","20180307","5.9","3","0"
"TMK_MN004","3379","20180308","6.8","3","0"
"TMK_MN004","3379","20180309","9.6","3","0"
"TMK_MN004","3379","20180310","10.5","3","0"
"TMK_MN004","3379","20180311","10.8","3","0"
"TMK_MN004","3379","20180312","9.5","3","0"
"TMK_MN004","3379","20180313","8","3","0"
"TMK_MN004","3379","20180314","5.3","3","0"
"TMK_MN004","3379","20180315","6","3","0"
"TMK_MN004","3379","20180316","7.8","3","0"
"TMK_MN004","3379","20180317","2.3","3","0"
"TMK_MN004","3379","20180318","-2.4","3","0"
"TMK_MN004","3379","20180319","-3.7","3","0"
"TMK_MN004","3379","20180320","-2.6","3","0"
"TMK_MN004","3379","20180321","-0.8","3","0"
"TMK_MN004","3379","20180322","-0.2","3","0"
"TMK_MN004","3379","20180323","2.7","3","0"
"TMK_MN004","3379","20180324","4.5","3","0"
"TMK_MN004","3379","20180325","6.1","3","0"
"TMK_MN004","3379","20180326","5.7","3","0"
"TMK_MN004","3379","20180327","5.7","3","0"
"TMK_MN004","3379","20180328","8.3","3","0"
"TMK_MN004","3379","20180329","6.7","3","0"
"TMK_MN004","3379","20180330","8.4","3","0"
"TMK_MN004","3379","20180331","6.3","3","0"
"TMK_MN004","3379","20180401","5.5","3","0"
"TMK_MN004","3379","20180402","9.5","3","0"
"TMK_MN004","3379","20180403","15.9","3","0"
"TMK_MN004","3379","20180404","15.4","3","0"
"TMK_MN004","3379","20180405","10","3","0"
"TMK_MN004","3379","20180406","8.6","3","0"
"TMK_MN004","3379","20180407","11.8","3","0"
"TMK_MN004","3379","20180408","13.3","3","0"
"TMK_MN004","3379","20180409","15.7","3","0"
"TMK_MN004","3379","20180410","14.1","3","0"
"TMK_MN004","3379","20180411","14.3","3","0"
"TMK_MN004","3379","20180412","17.4","3","0"
"TMK_MN004","3379","20180413","13.3","3","0"
"TMK_MN004","3379","20180414","13.6","3","0"
"TMK_MN004","3379","20180415","14","3","0"
"TMK_MN004","3379","20180416","12.7","3","0"
"TMK_MN004","3379","20180417","14.8","3","0"
"TMK_MN004","3379","20180418","15.5","3","0"
"TMK_MN004","3379","20180419","16.8","3","0"
"TMK_MN004","3379","20180420","18.1","3","0"
"TMK_MN004","3379","20180421","19.5","3","0"
"TMK_MN004","3379","20180422","19.6","3","0"
"TMK_MN004","3379","20180423","18.4","3","0"
"TMK_MN004","3379","20180424","17","3","0"
"TMK_MN004","3379","20180425","18","3","0"
"TMK_MN004","3379","20180426","11.2","3","0"
"TMK_MN004","3379","20180427","14.5","3","0"
"TMK_MN004","3379","20180428","17.2","3","0"
"TMK_MN004","3379","20180429","19.2","3","0"
"TMK_MN004","3379","20180430","15","3","0"
"TMK_MN004","3379","20180501","12.6","3","0"
"TMK_MN004","3379","20180502","13.7","3","0"
"TMK_MN004","3379","20180503","15.1","3","0"
"TMK_MN004","3379","20180504","15.5","3","0"
"TMK_MN004","3379","20180505","16.8","3","0"
"TMK_MN004","3379","20180506","17","3","0"
"TMK_MN004","3379","20180507","17.4","3","0"
"TMK_MN004","3379","20180508","17.8","3","0"
"TMK_MN004","3379","20180509","16.1","3","0"
"TMK_MN004","3379","20180510","16","3","0"
"TMK_MN004","3379","20180511","14.8","3","0"
"TMK_MN004","3379","20180512","19.1","3","0"
"TMK_MN004","3379","20180513","17.7","3","0"
"TMK_MN004","3379","20180514","16.9","3","0"
"TMK_MN004","3379","20180515","12.9","3","0"
"TMK_MN004","3379","20180516","10.7","3","0"
"TMK_MN004","3379","20180517","12.5","3","0"
"TMK_MN004","3379","20180518","15.2","3","0"
"TMK_MN004","3379","20180519","13.8","3","0"
"TMK_MN004","3379","20180520","15.7","3","0"
"TMK_MN004","3379","20180521","16.9","3","0"
"TMK_MN004","3379","20180522","17.7","3","0"
"TMK_MN004","3379","20180523","18.2","3","0"
"TMK_MN004","3379","20180524","16.7","3","0"
"TMK_MN004","3379","20180525","17.9","3","0"
"TMK_MN004","3379","20180526","18.7","3","0"
"TMK_MN004","3379","20180527","20.6","3","0"
"TMK_MN004","3379","20180528","22.3","3","0"
"TMK_MN004","3379","20180529","21.7","3","0"
"TMK_MN004","3379","20180530","21.6","3","0"
"TMK_MN004","3379","20180531","21","3","0"
"TMK_MN004","3379","20180601","19.4","3","0"
"TMK_MN004","3379","20180602","19.8","3","0"
"TMK_MN004","3379","20180603","21","3","0"
"TMK_MN004","3379","20180604","21.9","3","0"
"TMK_MN004","3379","20180605","22.1","3","0"
"TMK_MN004","3379","20180606","20.1","3","0"
"TMK_MN004","3379","20180607","19.2","3","0"
"TMK_MN004","3379","20180608","20.9","3","0"
"TMK_MN004","3379","20180609","20.8","3","0"
"TMK_MN004","3379","20180610","21.5","3","0"
"TMK_MN004","3379","20180611","22.2","3","0"
"TMK_MN004","3379","20180612","18.1","3","0"
"TMK_MN004","3379","20180613","13.4","3","0"
"TMK_MN004","3379","20180614","14.4","3","0"
"TMK_MN004","3379","20180615","17","3","0"
"TMK_MN004","3379","20180616","18.9","3","0"
"TMK_MN004","3379","20180617","18.6","3","0"
"TMK_MN004","3379","20180618","18.4","3","0"
"TMK_MN004","3379","20180619","19.5","3","0"
"TMK_MN004","3379","20180620","21.8","3","0"
"TMK_MN004","3379","20180621","21.7","3","0"
"TMK_MN004","3379","20180622","13.4","3","0"
"TMK_MN004","3379","20180623","14.2","3","0"
"TMK_MN004","3379","20180624","15.8","3","0"
"TMK_MN004","3379","20180625","15.3","3","0"
"TMK_MN004","3379","20180626","17.1","3","0"
"TMK_MN004","3379","20180627","16.5","3","0"
"TMK_MN004","3379","20180628","14.2","3","0"
"TMK_MN004","3379","20180629","18.3","3","0"
"TMK_MN004","3379","20180630","20.7","3","0"
"TMK_MN004","3379","20180701","17.8","3","0"
"TMK_MN004","3379","20180702","18.1","3","0"
"TMK_MN004","3379","20180703","20.2","3","0"
"TMK_MN004","3379","20180704","21.3","3","0"
"TMK_MN004","3379","20180705","19.8","3","0"
"TMK_MN004","3379","20180706","17.1","3","0"
"TMK_MN004","3379","20180707","19.2","3","0"
"TMK_MN004","3379","20180708","20.3","3","0"
"TMK_MN004","3379","20180709","21.1","3","0"
"TMK_MN004","3379","20180710","18.1","3","0"
"TMK_MN004","3379","20180711","16.4","3","0"
"TMK_MN004","3379","20180712","18.2","3","0"
"TMK_MN004","3379","20180713","20.6","3","0"
"TMK_MN004","3379","20180714","20.5","3","0"
"TMK_MN004","3379","20180715","20.1","3","0"
"TMK_MN004","3379","20180716","19.6","3","0"
"TMK_MN004","3379","20180717","19.6","3","0"
"TMK_MN004","3379","20180718","22","3","0"
"TMK_MN004","3379","20180719","21.8","3","0"
"TMK_MN004","3379","20180720","23","3","0"
"TMK_MN004","3379","20180721","18","3","0"
"TMK_MN004","3379","20180722","17.1","3","0"
"TMK_MN004","3379","20180723","20","3","0"
"TMK_MN004","3379","20180724","22.1","3","0"
"TMK_MN004","3379","20180725","23.1","3","0"
"TMK_MN004","3379","20180726","23.3","3","0"
"TMK_MN004","3379","20180727","23.7","3","0"
"TMK_MN004","3379","20180728","23.7","3","0"
"TMK_MN004","3379","20180729","24.1","3","0"
"TMK_MN004","3379","20180730","25.3","3","0"
"TMK_MN004","3379","20180731","26","3","0"
"TMK_MN004","3379","20180801","27.2","3","0"
"TMK_MN004","3379","20180802","24.3","3","0"
"TMK_MN004","3379","20180803","25.9","3","0"
"TMK_MN004","3379","20180804","26.4","3","0"
"TMK_MN004","3379","20180805","25.9","3","0"
"TMK_MN004","3379","20180806","25.4","3","0"
"TMK_MN004","3379","20180807","25.6","3","0"
"TMK_MN004","3379","20180808","24.6","3","0"
"TMK_MN004","3379","20180809","25","3","0"
"TMK_MN004","3379","20180810","16.5","3","0"
"TMK_MN004","3379","20180811","18.4","3","0"
"TMK_MN004","3379","20180812","20.9","3","0"
"TMK_MN004","3379","20180813","21.9","3","0"
"TMK_MN004","3379","20180814","19.7","3","0"
"TMK_MN004","3379","20180815","20.5","3","0"
"TMK_MN004","3379","20180816","21.5","3","0"
"TMK_MN004","3379","20180817","21.9","3","0"
"TMK_MN004","3379","20180818","21.9","3","0"
"TMK_MN004","3379","20180819","23.2","3","0"
"TMK_MN004","3379","20180820","23.5","3","0"
"TMK_MN004","3379","20180821","23","3","0"
"TMK_MN004","3379","20180822","23.9","3","0"
"TMK_MN004","3379","20180823","23.8","3","0"
"TMK_MN004","3379","20180824","18.4","3","0"
"TMK_MN004","3379","20180825","14","3","0"
"TMK_MN004","3379","20180826","13.4","3","0"
"TMK_MN004","3379","20180827","18.1","3","0"
"TMK_MN004","3379","20180828","20.1","3","0"
"TMK_MN004","3379","20180829","20.5","3","0"
"TMK_MN004","3379","20180830","17","3","0"
"TMK_MN004","3379","20180831","14.3","3","0"
"TMK_MN004","3379","20180901","12","3","0"
"TMK_MN004","3379","20180902","13.8","3","0"
"TMK_MN004","3379","20180903","16.1","3","0"
"TMK_MN004","3379","20180904","15.9","3","0"
"TMK_MN004","3379","20180905","18","3","0"
"TMK_MN004","3379","20180906","18.8","3","0"
"TMK_MN004","3379","20180907","17.3","3","0"
"TMK_MN004","3379","20180908","16.5","3","0"
"TMK_MN004","3379","20180909","17.3","3","0"
"TMK_MN004","3379","20180910","18.8","3","0"
"TMK_MN004","3379","20180911","20.3","3","0"
"TMK_MN004","3379","20180912","21.7","3","0"
"TMK_MN004","3379","20180913","19.4","3","0"
"TMK_MN004","3379","20180914","16.9","3","0"
"TMK_MN004","3379","20180915","16.7","3","0"
"TMK_MN004","3379","20180916","16.8","3","0"
"TMK_MN004","3379","20180917","19.7","3","0"
"TMK_MN004","3379","20180918","20.3","3","0"
"TMK_MN004","3379","20180919","19.4","3","0"
"TMK_MN004","3379","20180920","20.1","3","0"
"TMK_MN004","3379","20180921","19.7","3","0"
"TMK_MN004","3379","20180922","14","3","0"
"TMK_MN004","3379","20180923","17.3","3","0"
"TMK_MN004","3379","20180924","9.3","3","0"
"TMK_MN004","3379","20180925","7.9","3","0"
"TMK_MN004","3379","20180926","10","3","0"
"TMK_MN004","3379","20180927","13.7","3","0"
"TMK_MN004","3379","20180928","15.2","3","0"
"TMK_MN004","3379","20180929","11.2","3","0"
"TMK_MN004","3379","20180930","11.8","3","0"
"TMK_MN004","3379","20181001","10.4","3","0"
"TMK_MN004","3379","20181002","8.8","3","0"
"TMK_MN004","3379","20181003","11.2","3","0"
"TMK_MN004","3379","20181004","10.9","3","0"
"TMK_MN004","3379","20181005","11.8","3","0"
"TMK_MN004","3379","20181006","15.3","3","0"
"TMK_MN004","3379","20181007","15.7","3","0"
"TMK_MN004","3379","20181008","13.2","3","0"
"TMK_MN004","3379","20181009","13.3","3","0"
"TMK_MN004","3379","20181010","15.2","3","0"
"TMK_MN004","3379","20181011","16.5","3","0"
"TMK_MN004","3379","20181012","17.2","3","0"
"TMK_MN004","3379","20181013","14.5","3","0"
"TMK_MN004","3379","20181014","15.9","3","0"
"TMK_MN004","3379","20181015","14.4","3","0"
"TMK_MN004","3379","20181016","13.8","3","0"
"TMK_MN004","3379","20181017","12.8","3","0"
"TMK_MN004","3379","20181018","11.7","3","0"
"TMK_MN004","3379","20181019","10.5","3","0"
"TMK_MN004","3379","20181020","10.2","3","0"
"TMK_MN004","3379","20181021","9.6","3","0"
"TMK_MN004","3379","20181022","7.6","3","0"
"TMK_MN004","3379","20181023","10.5","3","0"
"TMK_MN004","3379","20181024","11.1","3","0"
"TMK_MN004","3379","20181025","11.9","3","0"
"TMK_MN004","3379","20181026","11.3","3","0"
"TMK_MN004","3379","20181027","5.8","3","0"
"TMK_MN004","3379","20181028","3.3","3","0"
"TMK_MN004","3379","20181029","6.9","3","0"
"TMK_MN004","3379","20181030","8.6","3","0"
"TMK_MN004","3379","20181031","6.7","3","0"
"TMK_MN004","3379","20181101","8.9","3","0"
"TMK_MN004","3379","20181102","8.2","3","0"
"TMK_MN004","3379","20181103","9.3","3","0"
"TMK_MN004","3379","20181104","9.7","3","0"
"TMK_MN004","3379","20181105","10.8","3","0"
"TMK_MN004","3379","20181106","12.6","3","0"
"TMK_MN004","3379","20181107","10.9","3","0"
"TMK_MN004","3379","20181108","10.1","3","0"
"TMK_MN004","3379","20181109","8.5","3","0"
"TMK_MN004","3379","20181110","8","3","0"
"TMK_MN004","3379","20181111","9.1","3","0"
"TMK_MN004","3379","20181112","9.2","3","0"
"TMK_MN004","3379","20181113","8.2","3","0"
"TMK_MN004","3379","20181114","4.8","3","0"
"TMK_MN004","3379","20181115","4.5","3","0"
"TMK_MN004","3379","20181116","3.1","3","0"
"TMK_MN004","3379","20181117","2.6","3","0"
"TMK_MN004","3379","20181118","1.4","3","0"
"TMK_MN004","3379","20181119","-0.1","3","0"
"TMK_MN004","3379","20181120","1.8","3","0"
"TMK_MN004","3379","20181121","0.1","3","0"
"TMK_MN004","3379","20181122","2.2","3","0"
"TMK_MN004","3379","20181123","1.4","3","0"
"TMK_MN004","3379","20181124","4.3","3","0"
"TMK_MN004","3379","20181125","2.7","3","0"
"TMK_MN004","3379","20181126","1.9","3","0"
"TMK_MN004","3379","20181127","0.9","3","0"
"TMK_MN004","3379","20181128","-0.1","3","0"
"TMK_MN004","3379","20181129","-0.1","3","0"
"TMK_MN004","3379","20181130","2.1","3","0"
"TMK_MN004","3379","20181201","5.8","3","0"
"TMK_MN004","3379","20181202","7.7","3","0"
"TMK_MN004","3379","20181203","12","3","0"
"TMK_MN004","3379","20181204","7.9","3","0"
"TMK_MN004","3379","20181205","4.7","3","0"
"TMK_MN004","3379","20181206","8.3","3","0"
"TMK_MN004","3379","20181207","11","3","0"
"TMK_MN004","3379","20181208","6.9","3","0"
"TMK_MN004","3379","20181209","6.2","3","0"
"TMK_MN004","3379","20181210","2.7","3","0"
"TMK_MN004","3379","20181211","1","3","0"
"TMK_MN004","3379","20181212","0.5","3","0"
"TMK_MN004","3379","20181213","-0.9","3","0"
"TMK_MN004","3379","20181214","-2.2","3","0"
"TMK_MN004","3379","20181215","-2.2","3","0"
"TMK_MN004","3379","20181216","-1.6","3","0"
"TMK_MN004","3379","20181217","0.8","3","0"
"TMK_MN004","3379","20181218","2.4","3","0"
"TMK_MN004","3379","20181219","1.3","3","0"
"TMK_MN004","3379","20181220","5.4","3","0"
"TMK_MN004","3379","20181221","7.5","3","0"
"TMK_MN004","3379","20181222","9.8","3","0"
"TMK_MN004","3379","20181223","8.1","3","0"
"TMK_MN004","3379","20181224","4.8","3","0"
"TMK_MN004","3379","20181225","0.7","3","0"
"TMK_MN004","3379","20181226","-1.7","3","0"
"TMK_MN004","3379","20181227","-1.9","3","0"
"TMK_MN004","3379","20181228","1.2","3","0"
"TMK_MN004","3379","20181229","-0.1","3","0"
"TMK_MN004","3379","20181230","2.8","3","0"
"TMK_MN004","3379","20181231","3.4","3","0"
